subject,word,recall,wordposition,valencemean,valencesd,arousalmean,arousalsd
4,inteligencia,0,Em1,NaN,NaN,NaN,NaN
4,tumor,1,E,1.33,0.69,7.45,1.05
4,desayuno,0,Em1,NaN,NaN,NaN,NaN
4,hambruna,0,E,1.95,1.31,7.35,1.18
4,cine,0,Em1,NaN,NaN,NaN,NaN
4,ceguera,0,E,2.75,1.33,6.95,1.39
4,pierna,0,Em1,NaN,NaN,NaN,NaN
4,amputacion,1,E,2.1,1.17,7.1,1.45
4,dedo,0,Em1,NaN,NaN,NaN,NaN
4,sufrimiento,0,E,1.95,1.15,8.3,0.86
4,relaci�n,1,Em1,NaN,NaN,NaN,NaN
4,traidor,1,E,2.25,1.24,7.15,1.76
4,lugare�o,0,Em1,NaN,NaN,NaN,NaN
4,nazi,1,E,1.6,0.88,7.95,1.28
4,sol,0,Em1,NaN,NaN,NaN,NaN
4,cancer,0,E,1.23,0.73,7.8,1.24
4,reuni�n,0,Em1,NaN,NaN,NaN,NaN
4,masacre,0,E,1.3,0.57,6.9,2.15
4,ventilaci�n,1,Em1,NaN,NaN,NaN,NaN
4,asfixia,1,E,1.3,0.57,8,1.21
4,bote,0,Em1,NaN,NaN,NaN,NaN
4,morgue,0,E,2.9,1.95,6.17,1.93
4,balc�n,1,Em1,NaN,NaN,NaN,NaN
4,suicida,1,E,2.15,1.39,7.65,1.04
4,protagonista,1,Em1,NaN,NaN,NaN,NaN
4,crimen,1,E,2.15,1.17,7.9,1.17
4,decisi�n,0,Em1,NaN,NaN,NaN,NaN
4,violacion,0,E,1.18,0.5,8.13,1.11
4,humanidad,0,Em1,NaN,NaN,NaN,NaN
4,plaga,0,E,2.3,1.17,7,1.52
4,transmisi�n,0,Em1,NaN,NaN,NaN,NaN
4,sida,0,E,1.45,0.69,7.35,1.46
4,ingeniero,1,Em1,NaN,NaN,NaN,NaN
4,asesino,1,E,2.03,1.27,7.6,1.73
4,terminal,0,Em1,NaN,NaN,NaN,NaN
4,terrorista,1,E,1.5,0.88,7.6,1.39
5,puente,0,Em1,NaN,NaN,NaN,NaN
5,suicida,1,E,2.15,1.39,7.65,1.04
5,reflectante,0,Em1,NaN,NaN,NaN,NaN
5,cancer,0,E,1.23,0.73,7.8,1.24
5,nariz,0,Em1,NaN,NaN,NaN,NaN
5,asfixia,0,E,1.3,0.57,8,1.21
5,�ptica,1,Em1,NaN,NaN,NaN,NaN
5,ceguera,1,E,2.75,1.33,6.95,1.39
5,cocinero,1,Em1,NaN,NaN,NaN,NaN
5,hambruna,0,E,1.95,1.31,7.35,1.18
5,intercambio,0,Em1,NaN,NaN,NaN,NaN
5,sida,1,E,1.45,0.69,7.35,1.46
5,dedo,0,Em1,NaN,NaN,NaN,NaN
5,sufrimiento,0,E,1.95,1.15,8.3,0.86
5,ingeniero,1,Em1,NaN,NaN,NaN,NaN
5,asesino,1,E,2.03,1.27,7.6,1.73
5,instrucci�n,0,Em1,NaN,NaN,NaN,NaN
5,violacion,0,E,1.18,0.5,8.13,1.11
5,capitulo,0,Em1,NaN,NaN,NaN,NaN
5,crimen,1,E,2.15,1.17,7.9,1.17
5,colega,0,Em1,NaN,NaN,NaN,NaN
5,traidor,0,E,2.25,1.24,7.15,1.76
5,encuentro,0,Em1,NaN,NaN,NaN,NaN
5,terrorista,1,E,1.5,0.88,7.6,1.39
5,criatura,1,Em1,NaN,NaN,NaN,NaN
5,plaga,1,E,2.3,1.17,7,1.52
5,brazo,0,Em1,NaN,NaN,NaN,NaN
5,amputacion,0,E,2.1,1.17,7.1,1.45
5,reuni�n,1,Em1,NaN,NaN,NaN,NaN
5,masacre,1,E,1.3,0.57,6.9,2.15
5,visitante,0,Em1,NaN,NaN,NaN,NaN
5,nazi,1,E,1.6,0.88,7.95,1.28
5,neurona,1,Em1,NaN,NaN,NaN,NaN
5,tumor,1,E,1.33,0.69,7.45,1.05
5,armario,0,Em1,NaN,NaN,NaN,NaN
5,morgue,0,E,2.9,1.95,6.17,1.93
6,resoluci�n,0,Em1,NaN,NaN,NaN,NaN
6,violacion,0,E,1.18,0.5,8.13,1.11
6,superficie,1,Em1,NaN,NaN,NaN,NaN
6,sufrimiento,1,E,1.95,1.15,8.3,0.86
6,rascacielos,1,Em1,NaN,NaN,NaN,NaN
6,suicida,0,E,2.15,1.39,7.65,1.04
6,grupo,1,Em1,NaN,NaN,NaN,NaN
6,masacre,1,E,1.3,0.57,6.9,2.15
6,autor,1,Em1,NaN,NaN,NaN,NaN
6,crimen,0,E,2.15,1.17,7.9,1.17
6,comunicaci�n,1,Em1,NaN,NaN,NaN,NaN
6,sida,1,E,1.45,0.69,7.35,1.46
6,soplo,0,Em1,NaN,NaN,NaN,NaN
6,asfixia,1,E,1.3,0.57,8,1.21
6,sujeto,0,Em1,NaN,NaN,NaN,NaN
6,traidor,1,E,2.25,1.24,7.15,1.76
6,nevera,0,Em1,NaN,NaN,NaN,NaN
6,morgue,0,E,2.9,1.95,6.17,1.93
6,aeropuerto,1,Em1,NaN,NaN,NaN,NaN
6,terrorista,0,E,1.5,0.88,7.6,1.39
6,animal,0,Em1,NaN,NaN,NaN,NaN
6,plaga,1,E,2.3,1.17,7,1.52
6,mano,1,Em1,NaN,NaN,NaN,NaN
6,amputacion,1,E,2.1,1.17,7.1,1.45
6,merienda,1,Em1,NaN,NaN,NaN,NaN
6,hambruna,1,E,1.95,1.31,7.35,1.18
6,qu�mico,1,Em1,NaN,NaN,NaN,NaN
6,asesino,0,E,2.03,1.27,7.6,1.73
6,inmigraci�n,0,Em1,NaN,NaN,NaN,NaN
6,nazi,1,E,1.6,0.88,7.95,1.28
6,luz,1,Em1,NaN,NaN,NaN,NaN
6,cancer,1,E,1.23,0.73,7.8,1.24
6,pensamiento,1,Em1,NaN,NaN,NaN,NaN
6,tumor,1,E,1.33,0.69,7.45,1.05
6,mirada,0,Em1,NaN,NaN,NaN,NaN
6,ceguera,0,E,2.75,1.33,6.95,1.39
7,visado,1,Em1,NaN,NaN,NaN,NaN
7,nazi,0,E,1.6,0.88,7.95,1.28
7,tr�fico,0,Em1,NaN,NaN,NaN,NaN
7,terrorista,0,E,1.5,0.88,7.6,1.39
7,boca,0,Em1,NaN,NaN,NaN,NaN
7,asfixia,0,E,1.3,0.57,8,1.21
7,empleo,0,Em1,NaN,NaN,NaN,NaN
7,asesino,0,E,2.03,1.27,7.6,1.73
7,intercambio,0,Em1,NaN,NaN,NaN,NaN
7,sida,1,E,1.45,0.69,7.35,1.46
7,observador,1,Em1,NaN,NaN,NaN,NaN
7,ceguera,0,E,2.75,1.33,6.95,1.39
7,pensamiento,1,Em1,NaN,NaN,NaN,NaN
7,tumor,0,E,1.33,0.69,7.45,1.05
7,simposio,1,Em1,NaN,NaN,NaN,NaN
7,masacre,1,E,1.3,0.57,6.9,2.15
7,historia,1,Em1,NaN,NaN,NaN,NaN
7,crimen,0,E,2.15,1.17,7.9,1.17
7,relaci�n,1,Em1,NaN,NaN,NaN,NaN
7,traidor,1,E,2.25,1.24,7.15,1.76
7,instrucci�n,0,Em1,NaN,NaN,NaN,NaN
7,violacion,1,E,1.18,0.5,8.13,1.11
7,cocina,1,Em1,NaN,NaN,NaN,NaN
7,hambruna,1,E,1.95,1.31,7.35,1.18
7,luz,0,Em1,NaN,NaN,NaN,NaN
7,cancer,0,E,1.23,0.73,7.8,1.24
7,humanidad,0,Em1,NaN,NaN,NaN,NaN
7,plaga,0,E,2.3,1.17,7,1.52
7,andamio,0,Em1,NaN,NaN,NaN,NaN
7,suicida,1,E,2.15,1.39,7.65,1.04
7,mu�eca,0,Em1,NaN,NaN,NaN,NaN
7,amputacion,1,E,2.1,1.17,7.1,1.45
7,piel,1,Em1,NaN,NaN,NaN,NaN
7,sufrimiento,0,E,1.95,1.15,8.3,0.86
9,cumplimiento,0,Em1,NaN,NaN,NaN,NaN
9,violacion,1,E,1.18,0.5,8.13,1.11
9,animal,0,Em1,NaN,NaN,NaN,NaN
9,plaga,0,E,2.3,1.17,7,1.52
9,chispa,1,Em1,NaN,NaN,NaN,NaN
9,cancer,1,E,1.23,0.73,7.8,1.24
9,trastero,0,Em1,NaN,NaN,NaN,NaN
9,morgue,1,E,2.9,1.95,6.17,1.93
9,nacionalidad,1,Em1,NaN,NaN,NaN,NaN
9,nazi,1,E,1.6,0.88,7.95,1.28
9,actor,0,Em1,NaN,NaN,NaN,NaN
9,asesino,0,E,2.03,1.27,7.6,1.73
9,neurona,1,Em1,NaN,NaN,NaN,NaN
9,tumor,1,E,1.33,0.69,7.45,1.05
9,panorama,0,Em1,NaN,NaN,NaN,NaN
9,ceguera,1,E,2.75,1.33,6.95,1.39
9,buffet,0,Em1,NaN,NaN,NaN,NaN
9,hambruna,1,E,1.95,1.31,7.35,1.18
9,simposio,1,Em1,NaN,NaN,NaN,NaN
9,masacre,1,E,1.3,0.57,6.9,2.15
9,brisa,0,Em1,NaN,NaN,NaN,NaN
9,asfixia,0,E,1.3,0.57,8,1.21
9,nervio,0,Em1,NaN,NaN,NaN,NaN
9,sufrimiento,0,E,1.95,1.15,8.3,0.86
9,brazo,1,Em1,NaN,NaN,NaN,NaN
9,amputacion,1,E,2.1,1.17,7.1,1.45
9,ser,1,Em1,NaN,NaN,NaN,NaN
9,traidor,1,E,2.25,1.24,7.15,1.76
9,bajada,0,Em1,NaN,NaN,NaN,NaN
9,suicida,0,E,2.15,1.39,7.65,1.04
9,comunicaci�n,1,Em1,NaN,NaN,NaN,NaN
9,sida,1,E,1.45,0.69,7.35,1.46
9,concierto,0,Em1,NaN,NaN,NaN,NaN
9,terrorista,1,E,1.5,0.88,7.6,1.39
9,ficci�n,1,Em1,NaN,NaN,NaN,NaN
9,crimen,1,E,2.15,1.17,7.9,1.17
10,balc�n,1,Em1,NaN,NaN,NaN,NaN
10,suicida,1,E,2.15,1.39,7.65,1.04
10,eclipse,1,Em1,NaN,NaN,NaN,NaN
10,cancer,1,E,1.23,0.73,7.8,1.24
10,animal,0,Em1,NaN,NaN,NaN,NaN
10,plaga,0,E,2.3,1.17,7,1.52
10,nervio,0,Em1,NaN,NaN,NaN,NaN
10,sufrimiento,0,E,1.95,1.15,8.3,0.86
10,estadio,1,Em1,NaN,NaN,NaN,NaN
10,terrorista,1,E,1.5,0.88,7.6,1.39
10,articulaci�n,0,Em1,NaN,NaN,NaN,NaN
10,amputacion,1,E,2.1,1.17,7.1,1.45
10,consigna,0,Em1,NaN,NaN,NaN,NaN
10,morgue,1,E,2.9,1.95,6.17,1.93
10,novela,1,Em1,NaN,NaN,NaN,NaN
10,crimen,0,E,2.15,1.17,7.9,1.17
10,norma,1,Em1,NaN,NaN,NaN,NaN
10,violacion,1,E,1.18,0.5,8.13,1.11
10,filosof�a,0,Em1,NaN,NaN,NaN,NaN
10,tumor,1,E,1.33,0.69,7.45,1.05
10,restaurante,0,Em1,NaN,NaN,NaN,NaN
10,hambruna,1,E,1.95,1.31,7.35,1.18
10,gente,0,Em1,NaN,NaN,NaN,NaN
10,masacre,0,E,1.3,0.57,6.9,2.15
10,inmigraci�n,1,Em1,NaN,NaN,NaN,NaN
10,nazi,1,E,1.6,0.88,7.95,1.28
10,emisor,0,Em1,NaN,NaN,NaN,NaN
10,sida,1,E,1.45,0.69,7.35,1.46
10,inhalaci�n,0,Em1,NaN,NaN,NaN,NaN
10,asfixia,0,E,1.3,0.57,8,1.21
10,profesi�n,0,Em1,NaN,NaN,NaN,NaN
10,asesino,1,E,2.03,1.27,7.6,1.73
10,individuo,0,Em1,NaN,NaN,NaN,NaN
10,traidor,1,E,2.25,1.24,7.15,1.76
10,ojeada,0,Em1,NaN,NaN,NaN,NaN
10,ceguera,0,E,2.75,1.33,6.95,1.39
11,contable,0,Em1,NaN,NaN,NaN,NaN
11,asesino,1,E,2.03,1.27,7.6,1.73
11,nariz,0,Em1,NaN,NaN,NaN,NaN
11,asfixia,0,E,1.3,0.57,8,1.21
11,estadio,0,Em1,NaN,NaN,NaN,NaN
11,terrorista,1,E,1.5,0.88,7.6,1.39
11,transmisi�n,1,Em1,NaN,NaN,NaN,NaN
11,sida,1,E,1.45,0.69,7.35,1.46
11,paisaje,0,Em1,NaN,NaN,NaN,NaN
11,plaga,0,E,2.3,1.17,7,1.52
11,novela,1,Em1,NaN,NaN,NaN,NaN
11,crimen,1,E,2.15,1.17,7.9,1.17
11,pantorrilla,0,Em1,NaN,NaN,NaN,NaN
11,amputacion,1,E,2.1,1.17,7.1,1.45
11,asociaci�n,0,Em1,NaN,NaN,NaN,NaN
11,masacre,1,E,1.3,0.57,6.9,2.15
11,inteligencia,1,Em1,NaN,NaN,NaN,NaN
11,tumor,1,E,1.33,0.69,7.45,1.05
11,reflectante,1,Em1,NaN,NaN,NaN,NaN
11,cancer,1,E,1.23,0.73,7.8,1.24
11,cena,1,Em1,NaN,NaN,NaN,NaN
11,hambruna,1,E,1.95,1.31,7.35,1.18
11,viaje,1,Em1,NaN,NaN,NaN,NaN
11,nazi,1,E,1.6,0.88,7.95,1.28
11,casillero,0,Em1,NaN,NaN,NaN,NaN
11,morgue,1,E,2.9,1.95,6.17,1.93
11,rascacielos,1,Em1,NaN,NaN,NaN,NaN
11,suicida,1,E,2.15,1.39,7.65,1.04
11,cuerpo,1,Em1,NaN,NaN,NaN,NaN
11,sufrimiento,1,E,1.95,1.15,8.3,0.86
11,individuo,0,Em1,NaN,NaN,NaN,NaN
11,traidor,1,E,2.25,1.24,7.15,1.76
11,ojo,0,Em1,NaN,NaN,NaN,NaN
11,ceguera,0,E,2.75,1.33,6.95,1.39
11,regla,0,Em1,NaN,NaN,NaN,NaN
11,violacion,1,E,1.18,0.5,8.13,1.11
12,almuerzo,1,Em1,NaN,NaN,NaN,NaN
12,hambruna,1,E,1.95,1.31,7.35,1.18
12,trastero,1,Em1,NaN,NaN,NaN,NaN
12,morgue,1,E,2.9,1.95,6.17,1.93
12,transacci�n,1,Em1,NaN,NaN,NaN,NaN
12,sida,1,E,1.45,0.69,7.35,1.46
12,contrato,0,Em1,NaN,NaN,NaN,NaN
12,violacion,0,E,1.18,0.5,8.13,1.11
12,pulm�n,1,Em1,NaN,NaN,NaN,NaN
12,asfixia,1,E,1.3,0.57,8,1.21
12,actor,1,Em1,NaN,NaN,NaN,NaN
12,asesino,1,E,2.03,1.27,7.6,1.73
12,nacionalidad,1,Em1,NaN,NaN,NaN,NaN
12,nazi,1,E,1.6,0.88,7.95,1.28
12,texto,0,Em1,NaN,NaN,NaN,NaN
12,crimen,0,E,2.15,1.17,7.9,1.17
12,evoluci�n,1,Em1,NaN,NaN,NaN,NaN
12,plaga,0,E,2.3,1.17,7,1.52
12,concurrencia,1,Em1,NaN,NaN,NaN,NaN
12,masacre,1,E,1.3,0.57,6.9,2.15
12,dedo,0,Em1,NaN,NaN,NaN,NaN
12,sufrimiento,1,E,1.95,1.15,8.3,0.86
12,energ�a,0,Em1,NaN,NaN,NaN,NaN
12,cancer,1,E,1.23,0.73,7.8,1.24
12,ojo,0,Em1,NaN,NaN,NaN,NaN
12,ceguera,1,E,2.75,1.33,6.95,1.39
12,persona,0,Em1,NaN,NaN,NaN,NaN
12,traidor,1,E,2.25,1.24,7.15,1.76
12,raz�n,1,Em1,NaN,NaN,NaN,NaN
12,tumor,1,E,1.33,0.69,7.45,1.05
12,andamio,1,Em1,NaN,NaN,NaN,NaN
12,suicida,1,E,2.15,1.39,7.65,1.04
12,estaci�n,1,Em1,NaN,NaN,NaN,NaN
12,terrorista,1,E,1.5,0.88,7.6,1.39
12,cadera,0,Em1,NaN,NaN,NaN,NaN
12,amputacion,1,E,2.1,1.17,7.1,1.45
14,piel,0,Em1,NaN,NaN,NaN,NaN
14,sufrimiento,0,E,1.95,1.15,8.3,0.86
14,asociaci�n,0,Em1,NaN,NaN,NaN,NaN
14,masacre,1,E,1.3,0.57,6.9,2.15
14,metro,1,Em1,NaN,NaN,NaN,NaN
14,terrorista,1,E,1.5,0.88,7.6,1.39
14,merienda,0,Em1,NaN,NaN,NaN,NaN
14,hambruna,0,E,1.95,1.31,7.35,1.18
14,caj�n,0,Em1,NaN,NaN,NaN,NaN
14,morgue,1,E,2.9,1.95,6.17,1.93
14,aprendiz,1,Em1,NaN,NaN,NaN,NaN
14,asesino,1,E,2.03,1.27,7.6,1.73
14,viento,1,Em1,NaN,NaN,NaN,NaN
14,asfixia,1,E,1.3,0.57,8,1.21
14,cultura,0,Em1,NaN,NaN,NaN,NaN
14,nazi,1,E,1.6,0.88,7.95,1.28
14,pierna,1,Em1,NaN,NaN,NaN,NaN
14,amputacion,1,E,2.1,1.17,7.1,1.45
14,ingenio,0,Em1,NaN,NaN,NaN,NaN
14,tumor,1,E,1.33,0.69,7.45,1.05
14,colega,1,Em1,NaN,NaN,NaN,NaN
14,traidor,1,E,2.25,1.24,7.15,1.76
14,video,1,Em1,NaN,NaN,NaN,NaN
14,ceguera,0,E,2.75,1.33,6.95,1.39
14,resoluci�n,0,Em1,NaN,NaN,NaN,NaN
14,violacion,1,E,1.18,0.5,8.13,1.11
14,transferencia,0,Em1,NaN,NaN,NaN,NaN
14,sida,0,E,1.45,0.69,7.35,1.46
14,puente,0,Em1,NaN,NaN,NaN,NaN
14,suicida,1,E,2.15,1.39,7.65,1.04
14,capitulo,1,Em1,NaN,NaN,NaN,NaN
14,crimen,1,E,2.15,1.17,7.9,1.17
14,atm�sfera,1,Em1,NaN,NaN,NaN,NaN
14,plaga,1,E,2.3,1.17,7,1.52
14,reflectante,0,Em1,NaN,NaN,NaN,NaN
14,cancer,1,E,1.23,0.73,7.8,1.24
15,casillero,0,Em1,NaN,NaN,NaN,NaN
15,morgue,1,E,2.9,1.95,6.17,1.93
15,importaci�n,0,Em1,NaN,NaN,NaN,NaN
15,sida,1,E,1.45,0.69,7.35,1.46
15,actor,1,Em1,NaN,NaN,NaN,NaN
15,asesino,1,E,2.03,1.27,7.6,1.73
15,desayuno,1,Em1,NaN,NaN,NaN,NaN
15,hambruna,1,E,1.95,1.31,7.35,1.18
15,destello,1,Em1,NaN,NaN,NaN,NaN
15,cancer,1,E,1.23,0.73,7.8,1.24
15,cerebro,1,Em1,NaN,NaN,NaN,NaN
15,tumor,1,E,1.33,0.69,7.45,1.05
15,contrato,0,Em1,NaN,NaN,NaN,NaN
15,violacion,1,E,1.18,0.5,8.13,1.11
15,tejado,0,Em1,NaN,NaN,NaN,NaN
15,suicida,1,E,2.15,1.39,7.65,1.04
15,atm�sfera,0,Em1,NaN,NaN,NaN,NaN
15,plaga,0,E,2.3,1.17,7,1.52
15,visado,0,Em1,NaN,NaN,NaN,NaN
15,nazi,1,E,1.6,0.88,7.95,1.28
15,tr�fico,1,Em1,NaN,NaN,NaN,NaN
15,terrorista,0,E,1.5,0.88,7.6,1.39
15,fotograf�a,0,Em1,NaN,NaN,NaN,NaN
15,ceguera,1,E,2.75,1.33,6.95,1.39
15,asamblea,0,Em1,NaN,NaN,NaN,NaN
15,masacre,1,E,1.3,0.57,6.9,2.15
15,historia,0,Em1,NaN,NaN,NaN,NaN
15,crimen,0,E,2.15,1.17,7.9,1.17
15,nudillo,0,Em1,NaN,NaN,NaN,NaN
15,amputacion,1,E,2.1,1.17,7.1,1.45
15,relaci�n,1,Em1,NaN,NaN,NaN,NaN
15,traidor,1,E,2.25,1.24,7.15,1.76
15,nervio,1,Em1,NaN,NaN,NaN,NaN
15,sufrimiento,1,E,1.95,1.15,8.3,0.86
15,branquias,1,Em1,NaN,NaN,NaN,NaN
15,asfixia,1,E,1.3,0.57,8,1.21
16,mujer,0,Em1,NaN,NaN,NaN,NaN
16,traidor,0,E,2.25,1.24,7.15,1.76
16,andamio,0,Em1,NaN,NaN,NaN,NaN
16,suicida,1,E,2.15,1.39,7.65,1.04
16,ojeada,0,Em1,NaN,NaN,NaN,NaN
16,ceguera,0,E,2.75,1.33,6.95,1.39
16,gente,0,Em1,NaN,NaN,NaN,NaN
16,masacre,0,E,1.3,0.57,6.9,2.15
16,vocaci�n,0,Em1,NaN,NaN,NaN,NaN
16,asesino,0,E,2.03,1.27,7.6,1.73
16,mu�eca,1,Em1,NaN,NaN,NaN,NaN
16,amputacion,1,E,2.1,1.17,7.1,1.45
16,historia,1,Em1,NaN,NaN,NaN,NaN
16,crimen,1,E,2.15,1.17,7.9,1.17
16,emisor,0,Em1,NaN,NaN,NaN,NaN
16,sida,1,E,1.45,0.69,7.35,1.46
16,pasajero,0,Em1,NaN,NaN,NaN,NaN
16,terrorista,1,E,1.5,0.88,7.6,1.39
16,almac�n,1,Em1,NaN,NaN,NaN,NaN
16,morgue,1,E,2.9,1.95,6.17,1.93
16,cuerpo,0,Em1,NaN,NaN,NaN,NaN
16,sufrimiento,1,E,1.95,1.15,8.3,0.86
16,mente,0,Em1,NaN,NaN,NaN,NaN
16,tumor,1,E,1.33,0.69,7.45,1.05
16,alimento,0,Em1,NaN,NaN,NaN,NaN
16,hambruna,1,E,1.95,1.31,7.35,1.18
16,universo,1,Em1,NaN,NaN,NaN,NaN
16,plaga,1,E,2.3,1.17,7,1.52
16,respiraci�n,1,Em1,NaN,NaN,NaN,NaN
16,asfixia,0,E,1.3,0.57,8,1.21
16,reflectante,0,Em1,NaN,NaN,NaN,NaN
16,cancer,0,E,1.23,0.73,7.8,1.24
16,declaraci�n,0,Em1,NaN,NaN,NaN,NaN
16,violacion,1,E,1.18,0.5,8.13,1.11
16,visado,0,Em1,NaN,NaN,NaN,NaN
16,nazi,1,E,1.6,0.88,7.95,1.28
17,nariz,0,Em1,NaN,NaN,NaN,NaN
17,asfixia,1,E,1.3,0.57,8,1.21
17,visado,1,Em1,NaN,NaN,NaN,NaN
17,nazi,1,E,1.6,0.88,7.95,1.28
17,abogado,1,Em1,NaN,NaN,NaN,NaN
17,asesino,0,E,2.03,1.27,7.6,1.73
17,cerebro,1,Em1,NaN,NaN,NaN,NaN
17,tumor,0,E,1.33,0.69,7.45,1.05
17,mu�eca,1,Em1,NaN,NaN,NaN,NaN
17,amputacion,1,E,2.1,1.17,7.1,1.45
17,rascacielos,1,Em1,NaN,NaN,NaN,NaN
17,suicida,0,E,2.15,1.39,7.65,1.04
17,campo,0,Em1,NaN,NaN,NaN,NaN
17,plaga,0,E,2.3,1.17,7,1.52
17,bote,0,Em1,NaN,NaN,NaN,NaN
17,morgue,1,E,2.9,1.95,6.17,1.93
17,concentraci�n,0,Em1,NaN,NaN,NaN,NaN
17,masacre,1,E,1.3,0.57,6.9,2.15
17,transferencia,1,Em1,NaN,NaN,NaN,NaN
17,sida,1,E,1.45,0.69,7.35,1.46
17,restaurante,0,Em1,NaN,NaN,NaN,NaN
17,hambruna,1,E,1.95,1.31,7.35,1.18
17,hombre,0,Em1,NaN,NaN,NaN,NaN
17,traidor,0,E,2.25,1.24,7.15,1.76
17,sol,1,Em1,NaN,NaN,NaN,NaN
17,cancer,0,E,1.23,0.73,7.8,1.24
17,resoluci�n,1,Em1,NaN,NaN,NaN,NaN
17,violacion,0,E,1.18,0.5,8.13,1.11
17,sensibilidad,1,Em1,NaN,NaN,NaN,NaN
17,sufrimiento,1,E,1.95,1.15,8.3,0.86
17,capitulo,0,Em1,NaN,NaN,NaN,NaN
17,crimen,0,E,2.15,1.17,7.9,1.17
17,estaci�n,1,Em1,NaN,NaN,NaN,NaN
17,terrorista,1,E,1.5,0.88,7.6,1.39
17,�ptica,0,Em1,NaN,NaN,NaN,NaN
17,ceguera,0,E,2.75,1.33,6.95,1.39
18,dep�sito,0,Em1,NaN,NaN,NaN,NaN
18,morgue,1,E,2.9,1.95,6.17,1.93
18,estaci�n,1,Em1,NaN,NaN,NaN,NaN
18,terrorista,1,E,1.5,0.88,7.6,1.39
18,muslo,1,Em1,NaN,NaN,NaN,NaN
18,amputacion,1,E,2.1,1.17,7.1,1.45
18,meditaci�n,1,Em1,NaN,NaN,NaN,NaN
18,tumor,1,E,1.33,0.69,7.45,1.05
18,brinco,0,Em1,NaN,NaN,NaN,NaN
18,suicida,1,E,2.15,1.39,7.65,1.04
18,pasaporte,1,Em1,NaN,NaN,NaN,NaN
18,nazi,0,E,1.6,0.88,7.95,1.28
18,soplo,0,Em1,NaN,NaN,NaN,NaN
18,asfixia,1,E,1.3,0.57,8,1.21
18,importaci�n,1,Em1,NaN,NaN,NaN,NaN
18,sida,1,E,1.45,0.69,7.35,1.46
18,ambiente,0,Em1,NaN,NaN,NaN,NaN
18,plaga,0,E,2.3,1.17,7,1.52
18,lupa,0,Em1,NaN,NaN,NaN,NaN
18,ceguera,1,E,2.75,1.33,6.95,1.39
18,resoluci�n,0,Em1,NaN,NaN,NaN,NaN
18,violacion,1,E,1.18,0.5,8.13,1.11
18,terciopelo,1,Em1,NaN,NaN,NaN,NaN
18,sufrimiento,1,E,1.95,1.15,8.3,0.86
18,persona,0,Em1,NaN,NaN,NaN,NaN
18,traidor,1,E,2.25,1.24,7.15,1.76
18,luz,1,Em1,NaN,NaN,NaN,NaN
18,cancer,1,E,1.23,0.73,7.8,1.24
18,grupo,1,Em1,NaN,NaN,NaN,NaN
18,masacre,1,E,1.3,0.57,6.9,2.15
18,texto,1,Em1,NaN,NaN,NaN,NaN
18,crimen,1,E,2.15,1.17,7.9,1.17
18,cena,1,Em1,NaN,NaN,NaN,NaN
18,hambruna,1,E,1.95,1.31,7.35,1.18
18,ocupaci�n,1,Em1,NaN,NaN,NaN,NaN
18,asesino,1,E,2.03,1.27,7.6,1.73
19,emisor,0,Em1,NaN,NaN,NaN,NaN
19,sida,0,E,1.45,0.69,7.35,1.46
19,congreso,0,Em1,NaN,NaN,NaN,NaN
19,masacre,0,E,1.3,0.57,6.9,2.15
19,oxigeno,0,Em1,NaN,NaN,NaN,NaN
19,asfixia,0,E,1.3,0.57,8,1.21
19,muslo,0,Em1,NaN,NaN,NaN,NaN
19,amputacion,1,E,2.1,1.17,7.1,1.45
19,cima,0,Em1,NaN,NaN,NaN,NaN
19,suicida,1,E,2.15,1.39,7.65,1.04
19,regla,0,Em1,NaN,NaN,NaN,NaN
19,violacion,1,E,1.18,0.5,8.13,1.11
19,contacto,0,Em1,NaN,NaN,NaN,NaN
19,sufrimiento,0,E,1.95,1.15,8.3,0.86
19,f�sico,0,Em1,NaN,NaN,NaN,NaN
19,asesino,1,E,2.03,1.27,7.6,1.73
19,mujer,1,Em1,NaN,NaN,NaN,NaN
19,traidor,1,E,2.25,1.24,7.15,1.76
19,escena,0,Em1,NaN,NaN,NaN,NaN
19,ceguera,0,E,2.75,1.33,6.95,1.39
19,protagonista,0,Em1,NaN,NaN,NaN,NaN
19,crimen,0,E,2.15,1.17,7.9,1.17
19,cr�neo,1,Em1,NaN,NaN,NaN,NaN
19,tumor,1,E,1.33,0.69,7.45,1.05
19,metro,1,Em1,NaN,NaN,NaN,NaN
19,terrorista,1,E,1.5,0.88,7.6,1.39
19,crecimiento,0,Em1,NaN,NaN,NaN,NaN
19,plaga,0,E,2.3,1.17,7,1.52
19,sopa,0,Em1,NaN,NaN,NaN,NaN
19,hambruna,0,E,1.95,1.31,7.35,1.18
19,nacionalidad,1,Em1,NaN,NaN,NaN,NaN
19,nazi,1,E,1.6,0.88,7.95,1.28
19,esplendor,0,Em1,NaN,NaN,NaN,NaN
19,cancer,1,E,1.23,0.73,7.8,1.24
19,envase,0,Em1,NaN,NaN,NaN,NaN
19,morgue,0,E,2.9,1.95,6.17,1.93
20,cumplimiento,0,Em1,NaN,NaN,NaN,NaN
20,violacion,1,E,1.18,0.5,8.13,1.11
20,asamblea,1,Em1,NaN,NaN,NaN,NaN
20,masacre,0,E,1.3,0.57,6.9,2.15
20,respiraci�n,1,Em1,NaN,NaN,NaN,NaN
20,asfixia,1,E,1.3,0.57,8,1.21
20,ser,0,Em1,NaN,NaN,NaN,NaN
20,traidor,0,E,2.25,1.24,7.15,1.76
20,almac�n,1,Em1,NaN,NaN,NaN,NaN
20,morgue,0,E,2.9,1.95,6.17,1.93
20,planeta,0,Em1,NaN,NaN,NaN,NaN
20,plaga,0,E,2.3,1.17,7,1.52
20,importaci�n,0,Em1,NaN,NaN,NaN,NaN
20,sida,1,E,1.45,0.69,7.35,1.46
20,cocinero,1,Em1,NaN,NaN,NaN,NaN
20,hambruna,1,E,1.95,1.31,7.35,1.18
20,andamio,1,Em1,NaN,NaN,NaN,NaN
20,suicida,1,E,2.15,1.39,7.65,1.04
20,concierto,0,Em1,NaN,NaN,NaN,NaN
20,terrorista,1,E,1.5,0.88,7.6,1.39
20,destello,1,Em1,NaN,NaN,NaN,NaN
20,cancer,1,E,1.23,0.73,7.8,1.24
20,ojo,0,Em1,NaN,NaN,NaN,NaN
20,ceguera,0,E,2.75,1.33,6.95,1.39
20,originario,1,Em1,NaN,NaN,NaN,NaN
20,nazi,0,E,1.6,0.88,7.95,1.28
20,piel,0,Em1,NaN,NaN,NaN,NaN
20,sufrimiento,1,E,1.95,1.15,8.3,0.86
20,mano,1,Em1,NaN,NaN,NaN,NaN
20,amputacion,1,E,2.1,1.17,7.1,1.45
20,ficci�n,1,Em1,NaN,NaN,NaN,NaN
20,crimen,1,E,2.15,1.17,7.9,1.17
20,cr�neo,1,Em1,NaN,NaN,NaN,NaN
20,tumor,0,E,1.33,0.69,7.45,1.05
20,vocaci�n,0,Em1,NaN,NaN,NaN,NaN
20,asesino,0,E,2.03,1.27,7.6,1.73
21,cena,1,Em1,NaN,NaN,NaN,NaN
21,hambruna,0,E,1.95,1.31,7.35,1.18
21,brazo,1,Em1,NaN,NaN,NaN,NaN
21,amputacion,1,E,2.1,1.17,7.1,1.45
21,idioma,1,Em1,NaN,NaN,NaN,NaN
21,nazi,1,E,1.6,0.88,7.95,1.28
21,cuento,1,Em1,NaN,NaN,NaN,NaN
21,crimen,0,E,2.15,1.17,7.9,1.17
21,mensaje,0,Em1,NaN,NaN,NaN,NaN
21,sida,0,E,1.45,0.69,7.35,1.46
21,cima,1,Em1,NaN,NaN,NaN,NaN
21,suicida,1,E,2.15,1.39,7.65,1.04
21,cr�neo,1,Em1,NaN,NaN,NaN,NaN
21,tumor,0,E,1.33,0.69,7.45,1.05
21,ventilaci�n,0,Em1,NaN,NaN,NaN,NaN
21,asfixia,1,E,1.3,0.57,8,1.21
21,regla,0,Em1,NaN,NaN,NaN,NaN
21,violacion,1,E,1.18,0.5,8.13,1.11
21,ser,0,Em1,NaN,NaN,NaN,NaN
21,traidor,0,E,2.25,1.24,7.15,1.76
21,criatura,0,Em1,NaN,NaN,NaN,NaN
21,plaga,1,E,2.3,1.17,7,1.52
21,sensibilidad,1,Em1,NaN,NaN,NaN,NaN
21,sufrimiento,1,E,1.95,1.15,8.3,0.86
21,envase,1,Em1,NaN,NaN,NaN,NaN
21,morgue,1,E,2.9,1.95,6.17,1.93
21,simposio,0,Em1,NaN,NaN,NaN,NaN
21,masacre,1,E,1.3,0.57,6.9,2.15
21,tr�fico,0,Em1,NaN,NaN,NaN,NaN
21,terrorista,0,E,1.5,0.88,7.6,1.39
21,contable,1,Em1,NaN,NaN,NaN,NaN
21,asesino,0,E,2.03,1.27,7.6,1.73
21,panorama,0,Em1,NaN,NaN,NaN,NaN
21,ceguera,0,E,2.75,1.33,6.95,1.39
21,amanecer,1,Em1,NaN,NaN,NaN,NaN
21,cancer,1,E,1.23,0.73,7.8,1.24
22,respiraci�n,0,Em1,NaN,NaN,NaN,NaN
22,asfixia,0,E,1.3,0.57,8,1.21
22,trastero,0,Em1,NaN,NaN,NaN,NaN
22,morgue,1,E,2.9,1.95,6.17,1.93
22,inmigraci�n,1,Em1,NaN,NaN,NaN,NaN
22,nazi,1,E,1.6,0.88,7.95,1.28
22,mujer,1,Em1,NaN,NaN,NaN,NaN
22,traidor,1,E,2.25,1.24,7.15,1.76
22,asamblea,0,Em1,NaN,NaN,NaN,NaN
22,masacre,1,E,1.3,0.57,6.9,2.15
22,banquero,1,Em1,NaN,NaN,NaN,NaN
22,asesino,1,E,2.03,1.27,7.6,1.73
22,historia,0,Em1,NaN,NaN,NaN,NaN
22,crimen,0,E,2.15,1.17,7.9,1.17
22,cr�neo,1,Em1,NaN,NaN,NaN,NaN
22,tumor,1,E,1.33,0.69,7.45,1.05
22,bocata,0,Em1,NaN,NaN,NaN,NaN
22,hambruna,0,E,1.95,1.31,7.35,1.18
22,dedo,1,Em1,NaN,NaN,NaN,NaN
22,sufrimiento,1,E,1.95,1.15,8.3,0.86
22,se�al,1,Em1,NaN,NaN,NaN,NaN
22,sida,1,E,1.45,0.69,7.35,1.46
22,�ptica,1,Em1,NaN,NaN,NaN,NaN
22,ceguera,0,E,2.75,1.33,6.95,1.39
22,codo,1,Em1,NaN,NaN,NaN,NaN
22,amputacion,1,E,2.1,1.17,7.1,1.45
22,concierto,1,Em1,NaN,NaN,NaN,NaN
22,terrorista,0,E,1.5,0.88,7.6,1.39
22,norma,0,Em1,NaN,NaN,NaN,NaN
22,violacion,1,E,1.18,0.5,8.13,1.11
22,universo,1,Em1,NaN,NaN,NaN,NaN
22,plaga,1,E,2.3,1.17,7,1.52
22,andamio,1,Em1,NaN,NaN,NaN,NaN
22,suicida,1,E,2.15,1.39,7.65,1.04
22,luminoso,1,Em1,NaN,NaN,NaN,NaN
22,cancer,1,E,1.23,0.73,7.8,1.24
23,cocina,0,Em1,NaN,NaN,NaN,NaN
23,hambruna,1,E,1.95,1.31,7.35,1.18
23,resoluci�n,0,Em1,NaN,NaN,NaN,NaN
23,violacion,1,E,1.18,0.5,8.13,1.11
23,individuo,0,Em1,NaN,NaN,NaN,NaN
23,traidor,1,E,2.25,1.24,7.15,1.76
23,sol,1,Em1,NaN,NaN,NaN,NaN
23,cancer,1,E,1.23,0.73,7.8,1.24
23,evoluci�n,1,Em1,NaN,NaN,NaN,NaN
23,plaga,0,E,2.3,1.17,7,1.52
23,almac�n,1,Em1,NaN,NaN,NaN,NaN
23,morgue,1,E,2.9,1.95,6.17,1.93
23,transacci�n,0,Em1,NaN,NaN,NaN,NaN
23,sida,1,E,1.45,0.69,7.35,1.46
23,brazo,1,Em1,NaN,NaN,NaN,NaN
23,amputacion,1,E,2.1,1.17,7.1,1.45
23,contacto,0,Em1,NaN,NaN,NaN,NaN
23,sufrimiento,0,E,1.95,1.15,8.3,0.86
23,brisa,0,Em1,NaN,NaN,NaN,NaN
23,asfixia,0,E,1.3,0.57,8,1.21
23,pasajero,0,Em1,NaN,NaN,NaN,NaN
23,terrorista,0,E,1.5,0.88,7.6,1.39
23,continuaci�n,0,Em1,NaN,NaN,NaN,NaN
23,crimen,0,E,2.15,1.17,7.9,1.17
23,reuni�n,0,Em1,NaN,NaN,NaN,NaN
23,masacre,0,E,1.3,0.57,6.9,2.15
23,pasaporte,0,Em1,NaN,NaN,NaN,NaN
23,nazi,0,E,1.6,0.88,7.95,1.28
23,torre,0,Em1,NaN,NaN,NaN,NaN
23,suicida,0,E,2.15,1.39,7.65,1.04
23,escena,0,Em1,NaN,NaN,NaN,NaN
23,ceguera,0,E,2.75,1.33,6.95,1.39
23,raz�n,0,Em1,NaN,NaN,NaN,NaN
23,tumor,0,E,1.33,0.69,7.45,1.05
23,banquero,0,Em1,NaN,NaN,NaN,NaN
23,asesino,0,E,2.03,1.27,7.6,1.73
24,f�sico,1,Em1,NaN,NaN,NaN,NaN
24,asesino,0,E,2.03,1.27,7.6,1.73
24,extranjero,0,Em1,NaN,NaN,NaN,NaN
24,nazi,0,E,1.6,0.88,7.95,1.28
24,tejado,1,Em1,NaN,NaN,NaN,NaN
24,suicida,1,E,2.15,1.39,7.65,1.04
24,mirada,0,Em1,NaN,NaN,NaN,NaN
24,ceguera,0,E,2.75,1.33,6.95,1.39
24,merienda,1,Em1,NaN,NaN,NaN,NaN
24,hambruna,1,E,1.95,1.31,7.35,1.18
24,caj�n,0,Em1,NaN,NaN,NaN,NaN
24,morgue,0,E,2.9,1.95,6.17,1.93
24,hombro,1,Em1,NaN,NaN,NaN,NaN
24,amputacion,1,E,2.1,1.17,7.1,1.45
24,novela,1,Em1,NaN,NaN,NaN,NaN
24,crimen,0,E,2.15,1.17,7.9,1.17
24,receptor,1,Em1,NaN,NaN,NaN,NaN
24,sida,1,E,1.45,0.69,7.35,1.46
24,d�a,0,Em1,NaN,NaN,NaN,NaN
24,cancer,0,E,1.23,0.73,7.8,1.24
24,legislaci�n,0,Em1,NaN,NaN,NaN,NaN
24,violacion,1,E,1.18,0.5,8.13,1.11
24,crecimiento,0,Em1,NaN,NaN,NaN,NaN
24,plaga,1,E,2.3,1.17,7,1.52
24,piel,1,Em1,NaN,NaN,NaN,NaN
24,sufrimiento,1,E,1.95,1.15,8.3,0.86
24,asamblea,1,Em1,NaN,NaN,NaN,NaN
24,masacre,1,E,1.3,0.57,6.9,2.15
24,cr�neo,1,Em1,NaN,NaN,NaN,NaN
24,tumor,1,E,1.33,0.69,7.45,1.05
24,ventilaci�n,0,Em1,NaN,NaN,NaN,NaN
24,asfixia,0,E,1.3,0.57,8,1.21
24,tipo,0,Em1,NaN,NaN,NaN,NaN
24,traidor,0,E,2.25,1.24,7.15,1.76
24,estaci�n,0,Em1,NaN,NaN,NaN,NaN
24,terrorista,0,E,1.5,0.88,7.6,1.39
25,codo,1,Em1,NaN,NaN,NaN,NaN
25,amputacion,0,E,2.1,1.17,7.1,1.45
25,ambiente,0,Em1,NaN,NaN,NaN,NaN
25,plaga,0,E,2.3,1.17,7,1.52
25,ser,1,Em1,NaN,NaN,NaN,NaN
25,traidor,1,E,2.25,1.24,7.15,1.76
25,chispa,0,Em1,NaN,NaN,NaN,NaN
25,cancer,0,E,1.23,0.73,7.8,1.24
25,torre,0,Em1,NaN,NaN,NaN,NaN
25,suicida,0,E,2.15,1.39,7.65,1.04
25,observador,0,Em1,NaN,NaN,NaN,NaN
25,ceguera,0,E,2.75,1.33,6.95,1.39
25,festival,0,Em1,NaN,NaN,NaN,NaN
25,terrorista,1,E,1.5,0.88,7.6,1.39
25,buffet,0,Em1,NaN,NaN,NaN,NaN
25,hambruna,1,E,1.95,1.31,7.35,1.18
25,emisor,1,Em1,NaN,NaN,NaN,NaN
25,sida,1,E,1.45,0.69,7.35,1.46
25,ficci�n,0,Em1,NaN,NaN,NaN,NaN
25,crimen,0,E,2.15,1.17,7.9,1.17
25,roce,0,Em1,NaN,NaN,NaN,NaN
25,sufrimiento,0,E,1.95,1.15,8.3,0.86
25,pasaporte,1,Em1,NaN,NaN,NaN,NaN
25,nazi,1,E,1.6,0.88,7.95,1.28
25,aire,1,Em1,NaN,NaN,NaN,NaN
25,asfixia,1,E,1.3,0.57,8,1.21
25,permiso,1,Em1,NaN,NaN,NaN,NaN
25,violacion,1,E,1.18,0.5,8.13,1.11
25,reuni�n,0,Em1,NaN,NaN,NaN,NaN
25,masacre,1,E,1.3,0.57,6.9,2.15
25,contable,1,Em1,NaN,NaN,NaN,NaN
25,asesino,1,E,2.03,1.27,7.6,1.73
25,pensamiento,0,Em1,NaN,NaN,NaN,NaN
25,tumor,0,E,1.33,0.69,7.45,1.05
25,dep�sito,0,Em1,NaN,NaN,NaN,NaN
25,morgue,1,E,2.9,1.95,6.17,1.93
26,observador,0,Em1,NaN,NaN,NaN,NaN
26,ceguera,0,E,2.75,1.33,6.95,1.39
26,nervio,0,Em1,NaN,NaN,NaN,NaN
26,sufrimiento,1,E,1.95,1.15,8.3,0.86
26,asamblea,0,Em1,NaN,NaN,NaN,NaN
26,masacre,0,E,1.3,0.57,6.9,2.15
26,extremidad,0,Em1,NaN,NaN,NaN,NaN
26,amputacion,0,E,2.1,1.17,7.1,1.45
26,biograf�a,1,Em1,NaN,NaN,NaN,NaN
26,crimen,1,E,2.15,1.17,7.9,1.17
26,bocata,0,Em1,NaN,NaN,NaN,NaN
26,hambruna,1,E,1.95,1.31,7.35,1.18
26,dep�sito,1,Em1,NaN,NaN,NaN,NaN
26,morgue,0,E,2.9,1.95,6.17,1.93
26,permiso,0,Em1,NaN,NaN,NaN,NaN
26,violacion,0,E,1.18,0.5,8.13,1.11
26,empleo,0,Em1,NaN,NaN,NaN,NaN
26,asesino,0,E,2.03,1.27,7.6,1.73
26,p�blico,0,Em1,NaN,NaN,NaN,NaN
26,terrorista,1,E,1.5,0.88,7.6,1.39
26,natal,0,Em1,NaN,NaN,NaN,NaN
26,nazi,1,E,1.6,0.88,7.95,1.28
26,crecimiento,1,Em1,NaN,NaN,NaN,NaN
26,plaga,0,E,2.3,1.17,7,1.52
26,boca,0,Em1,NaN,NaN,NaN,NaN
26,asfixia,0,E,1.3,0.57,8,1.21
26,inteligencia,0,Em1,NaN,NaN,NaN,NaN
26,tumor,0,E,1.33,0.69,7.45,1.05
26,brinco,0,Em1,NaN,NaN,NaN,NaN
26,suicida,1,E,2.15,1.39,7.65,1.04
26,ser,0,Em1,NaN,NaN,NaN,NaN
26,traidor,0,E,2.25,1.24,7.15,1.76
26,transmisi�n,1,Em1,NaN,NaN,NaN,NaN
26,sida,1,E,1.45,0.69,7.35,1.46
26,d�a,1,Em1,NaN,NaN,NaN,NaN
26,cancer,1,E,1.23,0.73,7.8,1.24
27,cocina,0,Em1,NaN,NaN,NaN,NaN
27,hambruna,0,E,1.95,1.31,7.35,1.18
27,sensibilidad,0,Em1,NaN,NaN,NaN,NaN
27,sufrimiento,1,E,1.95,1.15,8.3,0.86
27,extremidad,0,Em1,NaN,NaN,NaN,NaN
27,amputacion,0,E,2.1,1.17,7.1,1.45
27,humanidad,1,Em1,NaN,NaN,NaN,NaN
27,plaga,1,E,2.3,1.17,7,1.52
27,estaci�n,0,Em1,NaN,NaN,NaN,NaN
27,terrorista,1,E,1.5,0.88,7.6,1.39
27,escena,0,Em1,NaN,NaN,NaN,NaN
27,ceguera,1,E,2.75,1.33,6.95,1.39
27,destinatario,1,Em1,NaN,NaN,NaN,NaN
27,sida,1,E,1.45,0.69,7.35,1.46
27,vocaci�n,1,Em1,NaN,NaN,NaN,NaN
27,asesino,1,E,2.03,1.27,7.6,1.73
27,d�a,1,Em1,NaN,NaN,NaN,NaN
27,cancer,0,E,1.23,0.73,7.8,1.24
27,contrato,1,Em1,NaN,NaN,NaN,NaN
27,violacion,1,E,1.18,0.5,8.13,1.11
27,continuaci�n,0,Em1,NaN,NaN,NaN,NaN
27,crimen,1,E,2.15,1.17,7.9,1.17
27,ventana,1,Em1,NaN,NaN,NaN,NaN
27,suicida,1,E,2.15,1.39,7.65,1.04
27,caja,0,Em1,NaN,NaN,NaN,NaN
27,morgue,1,E,2.9,1.95,6.17,1.93
27,cr�neo,1,Em1,NaN,NaN,NaN,NaN
27,tumor,1,E,1.33,0.69,7.45,1.05
27,sujeto,1,Em1,NaN,NaN,NaN,NaN
27,traidor,1,E,2.25,1.24,7.15,1.76
27,pulm�n,0,Em1,NaN,NaN,NaN,NaN
27,asfixia,1,E,1.3,0.57,8,1.21
27,inmigraci�n,0,Em1,NaN,NaN,NaN,NaN
27,nazi,1,E,1.6,0.88,7.95,1.28
27,grupo,0,Em1,NaN,NaN,NaN,NaN
27,masacre,0,E,1.3,0.57,6.9,2.15
28,declaraci�n,0,Em1,NaN,NaN,NaN,NaN
28,violacion,0,E,1.18,0.5,8.13,1.11
28,intercambio,1,Em1,NaN,NaN,NaN,NaN
28,sida,1,E,1.45,0.69,7.35,1.46
28,destello,0,Em1,NaN,NaN,NaN,NaN
28,cancer,1,E,1.23,0.73,7.8,1.24
28,criatura,1,Em1,NaN,NaN,NaN,NaN
28,plaga,1,E,2.3,1.17,7,1.52
28,originario,0,Em1,NaN,NaN,NaN,NaN
28,nazi,1,E,1.6,0.88,7.95,1.28
28,mano,0,Em1,NaN,NaN,NaN,NaN
28,amputacion,1,E,2.1,1.17,7.1,1.45
28,roce,0,Em1,NaN,NaN,NaN,NaN
28,sufrimiento,0,E,1.95,1.15,8.3,0.86
28,bote,0,Em1,NaN,NaN,NaN,NaN
28,morgue,1,E,2.9,1.95,6.17,1.93
28,individuo,1,Em1,NaN,NaN,NaN,NaN
28,traidor,0,E,2.25,1.24,7.15,1.76
28,metro,1,Em1,NaN,NaN,NaN,NaN
28,terrorista,1,E,1.5,0.88,7.6,1.39
28,protagonista,1,Em1,NaN,NaN,NaN,NaN
28,crimen,1,E,2.15,1.17,7.9,1.17
28,inteligencia,1,Em1,NaN,NaN,NaN,NaN
28,tumor,0,E,1.33,0.69,7.45,1.05
28,reuni�n,0,Em1,NaN,NaN,NaN,NaN
28,masacre,0,E,1.3,0.57,6.9,2.15
28,ojeada,1,Em1,NaN,NaN,NaN,NaN
28,ceguera,0,E,2.75,1.33,6.95,1.39
28,alimento,0,Em1,NaN,NaN,NaN,NaN
28,hambruna,1,E,1.95,1.31,7.35,1.18
28,puente,0,Em1,NaN,NaN,NaN,NaN
28,suicida,1,E,2.15,1.39,7.65,1.04
28,pulm�n,1,Em1,NaN,NaN,NaN,NaN
28,asfixia,0,E,1.3,0.57,8,1.21
28,ingeniero,1,Em1,NaN,NaN,NaN,NaN
28,asesino,1,E,2.03,1.27,7.6,1.73
29,despensa,0,Em1,NaN,NaN,NaN,NaN
29,hambruna,0,E,1.95,1.31,7.35,1.18
29,energ�a,0,Em1,NaN,NaN,NaN,NaN
29,cancer,0,E,1.23,0.73,7.8,1.24
29,mensaje,1,Em1,NaN,NaN,NaN,NaN
29,sida,1,E,1.45,0.69,7.35,1.46
29,extranjero,0,Em1,NaN,NaN,NaN,NaN
29,nazi,1,E,1.6,0.88,7.95,1.28
29,meditaci�n,0,Em1,NaN,NaN,NaN,NaN
29,tumor,1,E,1.33,0.69,7.45,1.05
29,metro,0,Em1,NaN,NaN,NaN,NaN
29,terrorista,1,E,1.5,0.88,7.6,1.39
29,contenedor,0,Em1,NaN,NaN,NaN,NaN
29,morgue,1,E,2.9,1.95,6.17,1.93
29,andamio,0,Em1,NaN,NaN,NaN,NaN
29,suicida,1,E,2.15,1.39,7.65,1.04
29,asamblea,1,Em1,NaN,NaN,NaN,NaN
29,masacre,1,E,1.3,0.57,6.9,2.15
29,ser,1,Em1,NaN,NaN,NaN,NaN
29,traidor,1,E,2.25,1.24,7.15,1.76
29,ojo,1,Em1,NaN,NaN,NaN,NaN
29,ceguera,0,E,2.75,1.33,6.95,1.39
29,libro,1,Em1,NaN,NaN,NaN,NaN
29,crimen,1,E,2.15,1.17,7.9,1.17
29,decisi�n,0,Em1,NaN,NaN,NaN,NaN
29,violacion,1,E,1.18,0.5,8.13,1.11
29,animal,1,Em1,NaN,NaN,NaN,NaN
29,plaga,1,E,2.3,1.17,7,1.52
29,vapor,0,Em1,NaN,NaN,NaN,NaN
29,asfixia,1,E,1.3,0.57,8,1.21
29,piel,0,Em1,NaN,NaN,NaN,NaN
29,sufrimiento,1,E,1.95,1.15,8.3,0.86
29,articulaci�n,0,Em1,NaN,NaN,NaN,NaN
29,amputacion,1,E,2.1,1.17,7.1,1.45
29,ocupaci�n,0,Em1,NaN,NaN,NaN,NaN
29,asesino,0,E,2.03,1.27,7.6,1.73
30,bocata,0,Em1,NaN,NaN,NaN,NaN
30,hambruna,0,E,1.95,1.31,7.35,1.18
30,extremidad,0,Em1,NaN,NaN,NaN,NaN
30,amputacion,0,E,2.1,1.17,7.1,1.45
30,fotograf�a,0,Em1,NaN,NaN,NaN,NaN
30,ceguera,1,E,2.75,1.33,6.95,1.39
30,receptor,1,Em1,NaN,NaN,NaN,NaN
30,sida,1,E,1.45,0.69,7.35,1.46
30,universo,0,Em1,NaN,NaN,NaN,NaN
30,plaga,0,E,2.3,1.17,7,1.52
30,eclipse,0,Em1,NaN,NaN,NaN,NaN
30,cancer,1,E,1.23,0.73,7.8,1.24
30,acompa�ante,0,Em1,NaN,NaN,NaN,NaN
30,traidor,0,E,2.25,1.24,7.15,1.76
30,avi�n,0,Em1,NaN,NaN,NaN,NaN
30,terrorista,1,E,1.5,0.88,7.6,1.39
30,cumplimiento,1,Em1,NaN,NaN,NaN,NaN
30,violacion,1,E,1.18,0.5,8.13,1.11
30,congregaci�n,0,Em1,NaN,NaN,NaN,NaN
30,masacre,0,E,1.3,0.57,6.9,2.15
30,empleo,0,Em1,NaN,NaN,NaN,NaN
30,asesino,1,E,2.03,1.27,7.6,1.73
30,dep�sito,0,Em1,NaN,NaN,NaN,NaN
30,morgue,0,E,2.9,1.95,6.17,1.93
30,lugare�o,0,Em1,NaN,NaN,NaN,NaN
30,nazi,1,E,1.6,0.88,7.95,1.28
30,piel,1,Em1,NaN,NaN,NaN,NaN
30,sufrimiento,0,E,1.95,1.15,8.3,0.86
30,branquias,1,Em1,NaN,NaN,NaN,NaN
30,asfixia,1,E,1.3,0.57,8,1.21
30,cr�neo,0,Em1,NaN,NaN,NaN,NaN
30,tumor,0,E,1.33,0.69,7.45,1.05
30,edificio,0,Em1,NaN,NaN,NaN,NaN
30,suicida,0,E,2.15,1.39,7.65,1.04
30,libro,0,Em1,NaN,NaN,NaN,NaN
30,crimen,0,E,2.15,1.17,7.9,1.17
31,norma,1,Em1,NaN,NaN,NaN,NaN
31,violacion,1,E,1.18,0.5,8.13,1.11
31,fuente,0,Em1,NaN,NaN,NaN,NaN
31,sida,1,E,1.45,0.69,7.35,1.46
31,festival,1,Em1,NaN,NaN,NaN,NaN
31,terrorista,1,E,1.5,0.88,7.6,1.39
31,contacto,0,Em1,NaN,NaN,NaN,NaN
31,sufrimiento,1,E,1.95,1.15,8.3,0.86
31,libro,0,Em1,NaN,NaN,NaN,NaN
31,crimen,1,E,2.15,1.17,7.9,1.17
31,sol�rium,1,Em1,NaN,NaN,NaN,NaN
31,cancer,1,E,1.23,0.73,7.8,1.24
31,inteligencia,0,Em1,NaN,NaN,NaN,NaN
31,tumor,0,E,1.33,0.69,7.45,1.05
31,torre,1,Em1,NaN,NaN,NaN,NaN
31,suicida,1,E,2.15,1.39,7.65,1.04
31,video,0,Em1,NaN,NaN,NaN,NaN
31,ceguera,1,E,2.75,1.33,6.95,1.39
31,crecimiento,1,Em1,NaN,NaN,NaN,NaN
31,plaga,1,E,2.3,1.17,7,1.52
31,oxigeno,1,Em1,NaN,NaN,NaN,NaN
31,asfixia,1,E,1.3,0.57,8,1.21
31,bocata,0,Em1,NaN,NaN,NaN,NaN
31,hambruna,1,E,1.95,1.31,7.35,1.18
31,tipo,1,Em1,NaN,NaN,NaN,NaN
31,traidor,1,E,2.25,1.24,7.15,1.76
31,caj�n,1,Em1,NaN,NaN,NaN,NaN
31,morgue,0,E,2.9,1.95,6.17,1.93
31,pasaporte,1,Em1,NaN,NaN,NaN,NaN
31,nazi,1,E,1.6,0.88,7.95,1.28
31,articulaci�n,0,Em1,NaN,NaN,NaN,NaN
31,amputacion,0,E,2.1,1.17,7.1,1.45
31,congreso,0,Em1,NaN,NaN,NaN,NaN
31,masacre,0,E,1.3,0.57,6.9,2.15
31,empleo,0,Em1,NaN,NaN,NaN,NaN
31,asesino,0,E,2.03,1.27,7.6,1.73
32,muslo,1,Em1,NaN,NaN,NaN,NaN
32,amputacion,1,E,2.1,1.17,7.1,1.45
32,profesi�n,1,Em1,NaN,NaN,NaN,NaN
32,asesino,0,E,2.03,1.27,7.6,1.73
32,continuaci�n,0,Em1,NaN,NaN,NaN,NaN
32,crimen,1,E,2.15,1.17,7.9,1.17
32,terciopelo,1,Em1,NaN,NaN,NaN,NaN
32,sufrimiento,0,E,1.95,1.15,8.3,0.86
32,transferencia,1,Em1,NaN,NaN,NaN,NaN
32,sida,0,E,1.45,0.69,7.35,1.46
32,visi�n,1,Em1,NaN,NaN,NaN,NaN
32,ceguera,0,E,2.75,1.33,6.95,1.39
32,concurrencia,1,Em1,NaN,NaN,NaN,NaN
32,masacre,1,E,1.3,0.57,6.9,2.15
32,mujer,0,Em1,NaN,NaN,NaN,NaN
32,traidor,1,E,2.25,1.24,7.15,1.76
32,caja,1,Em1,NaN,NaN,NaN,NaN
32,morgue,1,E,2.9,1.95,6.17,1.93
32,branquias,0,Em1,NaN,NaN,NaN,NaN
32,asfixia,0,E,1.3,0.57,8,1.21
32,altillo,0,Em1,NaN,NaN,NaN,NaN
32,suicida,1,E,2.15,1.39,7.65,1.04
32,desayuno,1,Em1,NaN,NaN,NaN,NaN
32,hambruna,0,E,1.95,1.31,7.35,1.18
32,pauta,0,Em1,NaN,NaN,NaN,NaN
32,violacion,1,E,1.18,0.5,8.13,1.11
32,energ�a,1,Em1,NaN,NaN,NaN,NaN
32,cancer,1,E,1.23,0.73,7.8,1.24
32,crecimiento,1,Em1,NaN,NaN,NaN,NaN
32,plaga,1,E,2.3,1.17,7,1.52
32,p�blico,0,Em1,NaN,NaN,NaN,NaN
32,terrorista,1,E,1.5,0.88,7.6,1.39
32,patriotismo,0,Em1,NaN,NaN,NaN,NaN
32,nazi,1,E,1.6,0.88,7.95,1.28
32,cabeza,1,Em1,NaN,NaN,NaN,NaN
32,tumor,1,E,1.33,0.69,7.45,1.05
33,�ptica,0,Em1,NaN,NaN,NaN,NaN
33,ceguera,1,E,2.75,1.33,6.95,1.39
33,piel,0,Em1,NaN,NaN,NaN,NaN
33,sufrimiento,1,E,1.95,1.15,8.3,0.86
33,banquero,0,Em1,NaN,NaN,NaN,NaN
33,asesino,0,E,2.03,1.27,7.6,1.73
33,asociaci�n,1,Em1,NaN,NaN,NaN,NaN
33,masacre,1,E,1.3,0.57,6.9,2.15
33,cultura,0,Em1,NaN,NaN,NaN,NaN
33,nazi,1,E,1.6,0.88,7.95,1.28
33,tejado,1,Em1,NaN,NaN,NaN,NaN
33,suicida,1,E,2.15,1.39,7.65,1.04
33,protagonista,1,Em1,NaN,NaN,NaN,NaN
33,crimen,1,E,2.15,1.17,7.9,1.17
33,transmisi�n,0,Em1,NaN,NaN,NaN,NaN
33,sida,1,E,1.45,0.69,7.35,1.46
33,pauta,0,Em1,NaN,NaN,NaN,NaN
33,violacion,1,E,1.18,0.5,8.13,1.11
33,luz,1,Em1,NaN,NaN,NaN,NaN
33,cancer,1,E,1.23,0.73,7.8,1.24
33,almac�n,0,Em1,NaN,NaN,NaN,NaN
33,morgue,1,E,2.9,1.95,6.17,1.93
33,extremidad,0,Em1,NaN,NaN,NaN,NaN
33,amputacion,0,E,2.1,1.17,7.1,1.45
33,respiraci�n,1,Em1,NaN,NaN,NaN,NaN
33,asfixia,1,E,1.3,0.57,8,1.21
33,estadio,1,Em1,NaN,NaN,NaN,NaN
33,terrorista,0,E,1.5,0.88,7.6,1.39
33,despensa,1,Em1,NaN,NaN,NaN,NaN
33,hambruna,1,E,1.95,1.31,7.35,1.18
33,crecimiento,0,Em1,NaN,NaN,NaN,NaN
33,plaga,0,E,2.3,1.17,7,1.52
33,individuo,0,Em1,NaN,NaN,NaN,NaN
33,traidor,1,E,2.25,1.24,7.15,1.76
33,imaginaci�n,1,Em1,NaN,NaN,NaN,NaN
33,tumor,1,E,1.33,0.69,7.45,1.05
34,ficci�n,1,Em1,NaN,NaN,NaN,NaN
34,crimen,0,E,2.15,1.17,7.9,1.17
34,lupa,0,Em1,NaN,NaN,NaN,NaN
34,ceguera,0,E,2.75,1.33,6.95,1.39
34,concierto,1,Em1,NaN,NaN,NaN,NaN
34,terrorista,1,E,1.5,0.88,7.6,1.39
34,caja,1,Em1,NaN,NaN,NaN,NaN
34,morgue,1,E,2.9,1.95,6.17,1.93
34,regla,1,Em1,NaN,NaN,NaN,NaN
34,violacion,1,E,1.18,0.5,8.13,1.11
34,muslo,0,Em1,NaN,NaN,NaN,NaN
34,amputacion,1,E,2.1,1.17,7.1,1.45
34,fuente,0,Em1,NaN,NaN,NaN,NaN
34,sida,0,E,1.45,0.69,7.35,1.46
34,dialogo,1,Em1,NaN,NaN,NaN,NaN
34,masacre,0,E,1.3,0.57,6.9,2.15
34,cabeza,1,Em1,NaN,NaN,NaN,NaN
34,tumor,1,E,1.33,0.69,7.45,1.05
34,sensibilidad,0,Em1,NaN,NaN,NaN,NaN
34,sufrimiento,1,E,1.95,1.15,8.3,0.86
34,brinco,1,Em1,NaN,NaN,NaN,NaN
34,suicida,1,E,2.15,1.39,7.65,1.04
34,natal,0,Em1,NaN,NaN,NaN,NaN
34,nazi,1,E,1.6,0.88,7.95,1.28
34,inhalaci�n,0,Em1,NaN,NaN,NaN,NaN
34,asfixia,0,E,1.3,0.57,8,1.21
34,buffet,0,Em1,NaN,NaN,NaN,NaN
34,hambruna,0,E,1.95,1.31,7.35,1.18
34,planeta,1,Em1,NaN,NaN,NaN,NaN
34,plaga,1,E,2.3,1.17,7,1.52
34,ser,1,Em1,NaN,NaN,NaN,NaN
34,traidor,1,E,2.25,1.24,7.15,1.76
34,energ�a,1,Em1,NaN,NaN,NaN,NaN
34,cancer,1,E,1.23,0.73,7.8,1.24
34,banquero,1,Em1,NaN,NaN,NaN,NaN
34,asesino,1,E,2.03,1.27,7.6,1.73
35,video,0,Em1,NaN,NaN,NaN,NaN
35,ceguera,1,E,2.75,1.33,6.95,1.39
35,capitulo,0,Em1,NaN,NaN,NaN,NaN
35,crimen,1,E,2.15,1.17,7.9,1.17
35,andamio,1,Em1,NaN,NaN,NaN,NaN
35,suicida,1,E,2.15,1.39,7.65,1.04
35,comida,0,Em1,NaN,NaN,NaN,NaN
35,hambruna,0,E,1.95,1.31,7.35,1.18
35,relaci�n,1,Em1,NaN,NaN,NaN,NaN
35,traidor,1,E,2.25,1.24,7.15,1.76
35,sensibilidad,0,Em1,NaN,NaN,NaN,NaN
35,sufrimiento,1,E,1.95,1.15,8.3,0.86
35,qu�mico,0,Em1,NaN,NaN,NaN,NaN
35,asesino,0,E,2.03,1.27,7.6,1.73
35,energ�a,0,Em1,NaN,NaN,NaN,NaN
35,cancer,1,E,1.23,0.73,7.8,1.24
35,originario,0,Em1,NaN,NaN,NaN,NaN
35,nazi,1,E,1.6,0.88,7.95,1.28
35,declaraci�n,0,Em1,NaN,NaN,NaN,NaN
35,violacion,0,E,1.18,0.5,8.13,1.11
35,cerebro,1,Em1,NaN,NaN,NaN,NaN
35,tumor,1,E,1.33,0.69,7.45,1.05
35,importaci�n,0,Em1,NaN,NaN,NaN,NaN
35,sida,1,E,1.45,0.69,7.35,1.46
35,encuentro,0,Em1,NaN,NaN,NaN,NaN
35,terrorista,1,E,1.5,0.88,7.6,1.39
35,vida,0,Em1,NaN,NaN,NaN,NaN
35,plaga,0,E,2.3,1.17,7,1.52
35,extremidad,0,Em1,NaN,NaN,NaN,NaN
35,amputacion,1,E,2.1,1.17,7.1,1.45
35,envase,1,Em1,NaN,NaN,NaN,NaN
35,morgue,1,E,2.9,1.95,6.17,1.93
35,vapor,1,Em1,NaN,NaN,NaN,NaN
35,asfixia,1,E,1.3,0.57,8,1.21
35,simposio,1,Em1,NaN,NaN,NaN,NaN
35,masacre,0,E,1.3,0.57,6.9,2.15
36,aeropuerto,0,Em1,NaN,NaN,NaN,NaN
36,terrorista,1,E,1.5,0.88,7.6,1.39
36,congregaci�n,1,Em1,NaN,NaN,NaN,NaN
36,masacre,1,E,1.3,0.57,6.9,2.15
36,vibraci�n,1,Em1,NaN,NaN,NaN,NaN
36,sufrimiento,1,E,1.95,1.15,8.3,0.86
36,compa�ero,1,Em1,NaN,NaN,NaN,NaN
36,traidor,0,E,2.25,1.24,7.15,1.76
36,actor,1,Em1,NaN,NaN,NaN,NaN
36,asesino,1,E,2.03,1.27,7.6,1.73
36,planeta,0,Em1,NaN,NaN,NaN,NaN
36,plaga,0,E,2.3,1.17,7,1.52
36,extremidad,0,Em1,NaN,NaN,NaN,NaN
36,amputacion,0,E,2.1,1.17,7.1,1.45
36,viaje,1,Em1,NaN,NaN,NaN,NaN
36,nazi,1,E,1.6,0.88,7.95,1.28
36,buffet,1,Em1,NaN,NaN,NaN,NaN
36,hambruna,1,E,1.95,1.31,7.35,1.18
36,nevera,0,Em1,NaN,NaN,NaN,NaN
36,morgue,0,E,2.9,1.95,6.17,1.93
36,brisa,0,Em1,NaN,NaN,NaN,NaN
36,asfixia,1,E,1.3,0.57,8,1.21
36,luminoso,0,Em1,NaN,NaN,NaN,NaN
36,cancer,1,E,1.23,0.73,7.8,1.24
36,�ptica,0,Em1,NaN,NaN,NaN,NaN
36,ceguera,1,E,2.75,1.33,6.95,1.39
36,norma,1,Em1,NaN,NaN,NaN,NaN
36,violacion,1,E,1.18,0.5,8.13,1.11
36,receptor,1,Em1,NaN,NaN,NaN,NaN
36,sida,0,E,1.45,0.69,7.35,1.46
36,ventana,1,Em1,NaN,NaN,NaN,NaN
36,suicida,1,E,2.15,1.39,7.65,1.04
36,imaginaci�n,0,Em1,NaN,NaN,NaN,NaN
36,tumor,0,E,1.33,0.69,7.45,1.05
36,texto,1,Em1,NaN,NaN,NaN,NaN
36,crimen,0,E,2.15,1.17,7.9,1.17
37,nevera,0,Em1,NaN,NaN,NaN,NaN
37,morgue,1,E,2.9,1.95,6.17,1.93
37,colega,1,Em1,NaN,NaN,NaN,NaN
37,traidor,1,E,2.25,1.24,7.15,1.76
37,viaje,1,Em1,NaN,NaN,NaN,NaN
37,nazi,1,E,1.6,0.88,7.95,1.28
37,fuente,0,Em1,NaN,NaN,NaN,NaN
37,sida,1,E,1.45,0.69,7.35,1.46
37,destello,0,Em1,NaN,NaN,NaN,NaN
37,cancer,0,E,1.23,0.73,7.8,1.24
37,nariz,1,Em1,NaN,NaN,NaN,NaN
37,asfixia,1,E,1.3,0.57,8,1.21
37,profesi�n,1,Em1,NaN,NaN,NaN,NaN
37,asesino,0,E,2.03,1.27,7.6,1.73
37,brazo,1,Em1,NaN,NaN,NaN,NaN
37,amputacion,1,E,2.1,1.17,7.1,1.45
37,ambiente,0,Em1,NaN,NaN,NaN,NaN
37,plaga,1,E,2.3,1.17,7,1.52
37,encuentro,0,Em1,NaN,NaN,NaN,NaN
37,terrorista,0,E,1.5,0.88,7.6,1.39
37,buffet,1,Em1,NaN,NaN,NaN,NaN
37,hambruna,1,E,1.95,1.31,7.35,1.18
37,inteligencia,0,Em1,NaN,NaN,NaN,NaN
37,tumor,1,E,1.33,0.69,7.45,1.05
37,biograf�a,0,Em1,NaN,NaN,NaN,NaN
37,crimen,0,E,2.15,1.17,7.9,1.17
37,cima,1,Em1,NaN,NaN,NaN,NaN
37,suicida,1,E,2.15,1.39,7.65,1.04
37,contrato,0,Em1,NaN,NaN,NaN,NaN
37,violacion,0,E,1.18,0.5,8.13,1.11
37,ojo,1,Em1,NaN,NaN,NaN,NaN
37,ceguera,1,E,2.75,1.33,6.95,1.39
37,gente,1,Em1,NaN,NaN,NaN,NaN
37,masacre,1,E,1.3,0.57,6.9,2.15
37,sensibilidad,0,Em1,NaN,NaN,NaN,NaN
37,sufrimiento,0,E,1.95,1.15,8.3,0.86
38,fotograf�a,1,Em1,NaN,NaN,NaN,NaN
38,ceguera,0,E,2.75,1.33,6.95,1.39
38,editor,0,Em1,NaN,NaN,NaN,NaN
38,crimen,0,E,2.15,1.17,7.9,1.17
38,estaci�n,1,Em1,NaN,NaN,NaN,NaN
38,terrorista,1,E,1.5,0.88,7.6,1.39
38,ocupaci�n,0,Em1,NaN,NaN,NaN,NaN
38,asesino,1,E,2.03,1.27,7.6,1.73
38,asociaci�n,0,Em1,NaN,NaN,NaN,NaN
38,masacre,0,E,1.3,0.57,6.9,2.15
38,inteligencia,1,Em1,NaN,NaN,NaN,NaN
38,tumor,0,E,1.33,0.69,7.45,1.05
38,balc�n,1,Em1,NaN,NaN,NaN,NaN
38,suicida,1,E,2.15,1.39,7.65,1.04
38,se�al,0,Em1,NaN,NaN,NaN,NaN
38,sida,1,E,1.45,0.69,7.35,1.46
38,restaurante,0,Em1,NaN,NaN,NaN,NaN
38,hambruna,1,E,1.95,1.31,7.35,1.18
38,inhalaci�n,0,Em1,NaN,NaN,NaN,NaN
38,asfixia,1,E,1.3,0.57,8,1.21
38,extremidad,1,Em1,NaN,NaN,NaN,NaN
38,amputacion,0,E,2.1,1.17,7.1,1.45
38,declaraci�n,1,Em1,NaN,NaN,NaN,NaN
38,violacion,1,E,1.18,0.5,8.13,1.11
38,ambiente,0,Em1,NaN,NaN,NaN,NaN
38,plaga,0,E,2.3,1.17,7,1.52
38,dedo,1,Em1,NaN,NaN,NaN,NaN
38,sufrimiento,0,E,1.95,1.15,8.3,0.86
38,d�a,0,Em1,NaN,NaN,NaN,NaN
38,cancer,1,E,1.23,0.73,7.8,1.24
38,idioma,0,Em1,NaN,NaN,NaN,NaN
38,nazi,1,E,1.6,0.88,7.95,1.28
38,individuo,0,Em1,NaN,NaN,NaN,NaN
38,traidor,0,E,2.25,1.24,7.15,1.76
38,ba�l,1,Em1,NaN,NaN,NaN,NaN
38,morgue,1,E,2.9,1.95,6.17,1.93
39,altura,0,Em1,NaN,NaN,NaN,NaN
39,suicida,1,E,2.15,1.39,7.65,1.04
39,�ptica,0,Em1,NaN,NaN,NaN,NaN
39,ceguera,1,E,2.75,1.33,6.95,1.39
39,universo,1,Em1,NaN,NaN,NaN,NaN
39,plaga,0,E,2.3,1.17,7,1.52
39,permiso,0,Em1,NaN,NaN,NaN,NaN
39,violacion,1,E,1.18,0.5,8.13,1.11
39,historia,1,Em1,NaN,NaN,NaN,NaN
39,crimen,1,E,2.15,1.17,7.9,1.17
39,creatividad,1,Em1,NaN,NaN,NaN,NaN
39,tumor,1,E,1.33,0.69,7.45,1.05
39,sensaci�n,0,Em1,NaN,NaN,NaN,NaN
39,sufrimiento,1,E,1.95,1.15,8.3,0.86
39,comunidad,0,Em1,NaN,NaN,NaN,NaN
39,masacre,1,E,1.3,0.57,6.9,2.15
39,aeropuerto,1,Em1,NaN,NaN,NaN,NaN
39,terrorista,0,E,1.5,0.88,7.6,1.39
39,dama,0,Em1,NaN,NaN,NaN,NaN
39,traidor,1,E,2.25,1.24,7.15,1.76
39,ventilaci�n,0,Em1,NaN,NaN,NaN,NaN
39,asfixia,0,E,1.3,0.57,8,1.21
39,restaurante,0,Em1,NaN,NaN,NaN,NaN
39,hambruna,1,E,1.95,1.31,7.35,1.18
39,trastero,0,Em1,NaN,NaN,NaN,NaN
39,morgue,1,E,2.9,1.95,6.17,1.93
39,profesi�n,1,Em1,NaN,NaN,NaN,NaN
39,asesino,1,E,2.03,1.27,7.6,1.73
39,cultura,1,Em1,NaN,NaN,NaN,NaN
39,nazi,1,E,1.6,0.88,7.95,1.28
39,mu�eca,1,Em1,NaN,NaN,NaN,NaN
39,amputacion,1,E,2.1,1.17,7.1,1.45
39,eclipse,0,Em1,NaN,NaN,NaN,NaN
39,cancer,0,E,1.23,0.73,7.8,1.24
39,comunicaci�n,0,Em1,NaN,NaN,NaN,NaN
39,sida,1,E,1.45,0.69,7.35,1.46
40,pierna,0,Em1,NaN,NaN,NaN,NaN
40,amputacion,1,E,2.1,1.17,7.1,1.45
40,pasaporte,1,Em1,NaN,NaN,NaN,NaN
40,nazi,1,E,1.6,0.88,7.95,1.28
40,amanecer,1,Em1,NaN,NaN,NaN,NaN
40,cancer,0,E,1.23,0.73,7.8,1.24
40,almac�n,1,Em1,NaN,NaN,NaN,NaN
40,morgue,1,E,2.9,1.95,6.17,1.93
40,torre,0,Em1,NaN,NaN,NaN,NaN
40,suicida,0,E,2.15,1.39,7.65,1.04
40,vocaci�n,1,Em1,NaN,NaN,NaN,NaN
40,asesino,1,E,2.03,1.27,7.6,1.73
40,declaraci�n,1,Em1,NaN,NaN,NaN,NaN
40,violacion,0,E,1.18,0.5,8.13,1.11
40,concurrencia,1,Em1,NaN,NaN,NaN,NaN
40,masacre,1,E,1.3,0.57,6.9,2.15
40,trama,0,Em1,NaN,NaN,NaN,NaN
40,crimen,0,E,2.15,1.17,7.9,1.17
40,buffet,1,Em1,NaN,NaN,NaN,NaN
40,hambruna,1,E,1.95,1.31,7.35,1.18
40,filosof�a,0,Em1,NaN,NaN,NaN,NaN
40,tumor,1,E,1.33,0.69,7.45,1.05
40,campo,0,Em1,NaN,NaN,NaN,NaN
40,plaga,1,E,2.3,1.17,7,1.52
40,palma,1,Em1,NaN,NaN,NaN,NaN
40,sufrimiento,1,E,1.95,1.15,8.3,0.86
40,cine,1,Em1,NaN,NaN,NaN,NaN
40,ceguera,1,E,2.75,1.33,6.95,1.39
40,compa�ero,1,Em1,NaN,NaN,NaN,NaN
40,traidor,1,E,2.25,1.24,7.15,1.76
40,aire,0,Em1,NaN,NaN,NaN,NaN
40,asfixia,1,E,1.3,0.57,8,1.21
40,mensaje,1,Em1,NaN,NaN,NaN,NaN
40,sida,1,E,1.45,0.69,7.35,1.46
40,encuentro,0,Em1,NaN,NaN,NaN,NaN
40,terrorista,0,E,1.5,0.88,7.6,1.39
41,socio,1,Em1,NaN,NaN,NaN,NaN
41,traidor,1,E,2.25,1.24,7.15,1.76
41,comida,0,Em1,NaN,NaN,NaN,NaN
41,hambruna,1,E,1.95,1.31,7.35,1.18
41,fuente,0,Em1,NaN,NaN,NaN,NaN
41,sida,1,E,1.45,0.69,7.35,1.46
41,rascacielos,1,Em1,NaN,NaN,NaN,NaN
41,suicida,1,E,2.15,1.39,7.65,1.04
41,filosof�a,1,Em1,NaN,NaN,NaN,NaN
41,tumor,1,E,1.33,0.69,7.45,1.05
41,contable,0,Em1,NaN,NaN,NaN,NaN
41,asesino,0,E,2.03,1.27,7.6,1.73
41,concurrencia,1,Em1,NaN,NaN,NaN,NaN
41,masacre,1,E,1.3,0.57,6.9,2.15
41,observador,1,Em1,NaN,NaN,NaN,NaN
41,ceguera,0,E,2.75,1.33,6.95,1.39
41,trama,1,Em1,NaN,NaN,NaN,NaN
41,crimen,1,E,2.15,1.17,7.9,1.17
41,ambiente,0,Em1,NaN,NaN,NaN,NaN
41,plaga,0,E,2.3,1.17,7,1.52
41,codo,0,Em1,NaN,NaN,NaN,NaN
41,amputacion,1,E,2.1,1.17,7.1,1.45
41,amanecer,0,Em1,NaN,NaN,NaN,NaN
41,cancer,1,E,1.23,0.73,7.8,1.24
41,decisi�n,0,Em1,NaN,NaN,NaN,NaN
41,violacion,1,E,1.18,0.5,8.13,1.11
41,piel,1,Em1,NaN,NaN,NaN,NaN
41,sufrimiento,0,E,1.95,1.15,8.3,0.86
41,festival,0,Em1,NaN,NaN,NaN,NaN
41,terrorista,1,E,1.5,0.88,7.6,1.39
41,visitante,1,Em1,NaN,NaN,NaN,NaN
41,nazi,0,E,1.6,0.88,7.95,1.28
41,dep�sito,1,Em1,NaN,NaN,NaN,NaN
41,morgue,1,E,2.9,1.95,6.17,1.93
41,viento,0,Em1,NaN,NaN,NaN,NaN
41,asfixia,1,E,1.3,0.57,8,1.21
42,altura,1,Em1,NaN,NaN,NaN,NaN
42,suicida,1,E,2.15,1.39,7.65,1.04
42,teatro,1,Em1,NaN,NaN,NaN,NaN
42,terrorista,1,E,1.5,0.88,7.6,1.39
42,esplendor,0,Em1,NaN,NaN,NaN,NaN
42,cancer,1,E,1.23,0.73,7.8,1.24
42,cocina,0,Em1,NaN,NaN,NaN,NaN
42,hambruna,1,E,1.95,1.31,7.35,1.18
42,transferencia,1,Em1,NaN,NaN,NaN,NaN
42,sida,1,E,1.45,0.69,7.35,1.46
42,congregaci�n,1,Em1,NaN,NaN,NaN,NaN
42,masacre,1,E,1.3,0.57,6.9,2.15
42,escena,0,Em1,NaN,NaN,NaN,NaN
42,ceguera,1,E,2.75,1.33,6.95,1.39
42,originario,1,Em1,NaN,NaN,NaN,NaN
42,nazi,1,E,1.6,0.88,7.95,1.28
42,cadera,0,Em1,NaN,NaN,NaN,NaN
42,amputacion,1,E,2.1,1.17,7.1,1.45
42,biograf�a,0,Em1,NaN,NaN,NaN,NaN
42,crimen,1,E,2.15,1.17,7.9,1.17
42,consenso,0,Em1,NaN,NaN,NaN,NaN
42,violacion,0,E,1.18,0.5,8.13,1.11
42,ambiente,0,Em1,NaN,NaN,NaN,NaN
42,plaga,0,E,2.3,1.17,7,1.52
42,tipo,1,Em1,NaN,NaN,NaN,NaN
42,traidor,0,E,2.25,1.24,7.15,1.76
42,cuerpo,1,Em1,NaN,NaN,NaN,NaN
42,sufrimiento,1,E,1.95,1.15,8.3,0.86
42,caja,0,Em1,NaN,NaN,NaN,NaN
42,morgue,1,E,2.9,1.95,6.17,1.93
42,nariz,1,Em1,NaN,NaN,NaN,NaN
42,asfixia,1,E,1.3,0.57,8,1.21
42,banquero,0,Em1,NaN,NaN,NaN,NaN
42,asesino,0,E,2.03,1.27,7.6,1.73
42,cerebro,1,Em1,NaN,NaN,NaN,NaN
42,tumor,1,E,1.33,0.69,7.45,1.05
43,idioma,0,Em1,NaN,NaN,NaN,NaN
43,nazi,1,E,1.6,0.88,7.95,1.28
43,banquero,1,Em1,NaN,NaN,NaN,NaN
43,asesino,0,E,2.03,1.27,7.6,1.73
43,aire,1,Em1,NaN,NaN,NaN,NaN
43,asfixia,1,E,1.3,0.57,8,1.21
43,ba�l,1,Em1,NaN,NaN,NaN,NaN
43,morgue,1,E,2.9,1.95,6.17,1.93
43,consenso,1,Em1,NaN,NaN,NaN,NaN
43,violacion,1,E,1.18,0.5,8.13,1.11
43,dedo,0,Em1,NaN,NaN,NaN,NaN
43,sufrimiento,0,E,1.95,1.15,8.3,0.86
43,altura,1,Em1,NaN,NaN,NaN,NaN
43,suicida,1,E,2.15,1.39,7.65,1.04
43,trama,1,Em1,NaN,NaN,NaN,NaN
43,crimen,1,E,2.15,1.17,7.9,1.17
43,�ptica,0,Em1,NaN,NaN,NaN,NaN
43,ceguera,0,E,2.75,1.33,6.95,1.39
43,muslo,0,Em1,NaN,NaN,NaN,NaN
43,amputacion,1,E,2.1,1.17,7.1,1.45
43,tr�fico,0,Em1,NaN,NaN,NaN,NaN
43,terrorista,1,E,1.5,0.88,7.6,1.39
43,mujer,0,Em1,NaN,NaN,NaN,NaN
43,traidor,1,E,2.25,1.24,7.15,1.76
43,comunidad,1,Em1,NaN,NaN,NaN,NaN
43,masacre,1,E,1.3,0.57,6.9,2.15
43,sol�rium,0,Em1,NaN,NaN,NaN,NaN
43,cancer,0,E,1.23,0.73,7.8,1.24
43,raz�n,0,Em1,NaN,NaN,NaN,NaN
43,tumor,1,E,1.33,0.69,7.45,1.05
43,cena,1,Em1,NaN,NaN,NaN,NaN
43,hambruna,0,E,1.95,1.31,7.35,1.18
43,universo,0,Em1,NaN,NaN,NaN,NaN
43,plaga,0,E,2.3,1.17,7,1.52
44,brazo,0,Em1,NaN,NaN,NaN,NaN
44,amputacion,0,E,2.1,1.17,7.1,1.45
44,despensa,0,Em1,NaN,NaN,NaN,NaN
44,hambruna,1,E,1.95,1.31,7.35,1.18
44,colega,0,Em1,NaN,NaN,NaN,NaN
44,traidor,1,E,2.25,1.24,7.15,1.76
44,pensamiento,1,Em1,NaN,NaN,NaN,NaN
44,tumor,0,E,1.33,0.69,7.45,1.05
44,destello,0,Em1,NaN,NaN,NaN,NaN
44,cancer,0,E,1.23,0.73,7.8,1.24
44,metro,1,Em1,NaN,NaN,NaN,NaN
44,terrorista,1,E,1.5,0.88,7.6,1.39
44,aire,0,Em1,NaN,NaN,NaN,NaN
44,asfixia,1,E,1.3,0.57,8,1.21
44,vista,0,Em1,NaN,NaN,NaN,NaN
44,ceguera,0,E,2.75,1.33,6.95,1.39
44,contenedor,0,Em1,NaN,NaN,NaN,NaN
44,morgue,0,E,2.9,1.95,6.17,1.93
44,planeta,1,Em1,NaN,NaN,NaN,NaN
44,plaga,0,E,2.3,1.17,7,1.52
44,sensaci�n,0,Em1,NaN,NaN,NaN,NaN
44,sufrimiento,0,E,1.95,1.15,8.3,0.86
44,ley,0,Em1,NaN,NaN,NaN,NaN
44,violacion,0,E,1.18,0.5,8.13,1.11
44,torre,0,Em1,NaN,NaN,NaN,NaN
44,suicida,0,E,2.15,1.39,7.65,1.04
44,novela,1,Em1,NaN,NaN,NaN,NaN
44,crimen,0,E,2.15,1.17,7.9,1.17
44,gente,0,Em1,NaN,NaN,NaN,NaN
44,masacre,0,E,1.3,0.57,6.9,2.15
44,originario,0,Em1,NaN,NaN,NaN,NaN
44,nazi,1,E,1.6,0.88,7.95,1.28
44,fuente,1,Em1,NaN,NaN,NaN,NaN
44,sida,1,E,1.45,0.69,7.35,1.46
44,profesi�n,1,Em1,NaN,NaN,NaN,NaN
44,asesino,1,E,2.03,1.27,7.6,1.73
45,fuente,0,Em1,NaN,NaN,NaN,NaN
45,sida,1,E,1.45,0.69,7.35,1.46
45,balc�n,1,Em1,NaN,NaN,NaN,NaN
45,suicida,1,E,2.15,1.39,7.65,1.04
45,editor,0,Em1,NaN,NaN,NaN,NaN
45,crimen,0,E,2.15,1.17,7.9,1.17
45,sopa,0,Em1,NaN,NaN,NaN,NaN
45,hambruna,0,E,1.95,1.31,7.35,1.18
45,actor,0,Em1,NaN,NaN,NaN,NaN
45,asesino,1,E,2.03,1.27,7.6,1.73
45,paisaje,0,Em1,NaN,NaN,NaN,NaN
45,plaga,1,E,2.3,1.17,7,1.52
45,vibraci�n,0,Em1,NaN,NaN,NaN,NaN
45,sufrimiento,0,E,1.95,1.15,8.3,0.86
45,ser,0,Em1,NaN,NaN,NaN,NaN
45,traidor,0,E,2.25,1.24,7.15,1.76
45,cerebro,1,Em1,NaN,NaN,NaN,NaN
45,tumor,1,E,1.33,0.69,7.45,1.05
45,inhalaci�n,0,Em1,NaN,NaN,NaN,NaN
45,asfixia,1,E,1.3,0.57,8,1.21
45,cine,1,Em1,NaN,NaN,NaN,NaN
45,ceguera,1,E,2.75,1.33,6.95,1.39
45,estaci�n,1,Em1,NaN,NaN,NaN,NaN
45,terrorista,0,E,1.5,0.88,7.6,1.39
45,contrato,0,Em1,NaN,NaN,NaN,NaN
45,violacion,1,E,1.18,0.5,8.13,1.11
45,natal,0,Em1,NaN,NaN,NaN,NaN
45,nazi,1,E,1.6,0.88,7.95,1.28
45,armario,0,Em1,NaN,NaN,NaN,NaN
45,morgue,1,E,2.9,1.95,6.17,1.93
45,congreso,1,Em1,NaN,NaN,NaN,NaN
45,masacre,1,E,1.3,0.57,6.9,2.15
45,pantorrilla,0,Em1,NaN,NaN,NaN,NaN
45,amputacion,1,E,2.1,1.17,7.1,1.45
45,chispa,0,Em1,NaN,NaN,NaN,NaN
45,cancer,1,E,1.23,0.73,7.8,1.24
46,fotograf�a,0,Em1,NaN,NaN,NaN,NaN
46,ceguera,1,E,2.75,1.33,6.95,1.39
46,despensa,0,Em1,NaN,NaN,NaN,NaN
46,hambruna,0,E,1.95,1.31,7.35,1.18
46,dialogo,0,Em1,NaN,NaN,NaN,NaN
46,masacre,0,E,1.3,0.57,6.9,2.15
46,receptor,1,Em1,NaN,NaN,NaN,NaN
46,sida,1,E,1.45,0.69,7.35,1.46
46,textura,1,Em1,NaN,NaN,NaN,NaN
46,sufrimiento,0,E,1.95,1.15,8.3,0.86
46,andamio,0,Em1,NaN,NaN,NaN,NaN
46,suicida,1,E,2.15,1.39,7.65,1.04
46,trabajo,1,Em1,NaN,NaN,NaN,NaN
46,asesino,1,E,2.03,1.27,7.6,1.73
46,raz�n,0,Em1,NaN,NaN,NaN,NaN
46,tumor,1,E,1.33,0.69,7.45,1.05
46,ficci�n,0,Em1,NaN,NaN,NaN,NaN
46,crimen,1,E,2.15,1.17,7.9,1.17
46,extremidad,1,Em1,NaN,NaN,NaN,NaN
46,amputacion,1,E,2.1,1.17,7.1,1.45
46,envase,0,Em1,NaN,NaN,NaN,NaN
46,morgue,0,E,2.9,1.95,6.17,1.93
46,mujer,1,Em1,NaN,NaN,NaN,NaN
46,traidor,1,E,2.25,1.24,7.15,1.76
46,tr�fico,1,Em1,NaN,NaN,NaN,NaN
46,terrorista,0,E,1.5,0.88,7.6,1.39
46,instrucci�n,0,Em1,NaN,NaN,NaN,NaN
46,violacion,0,E,1.18,0.5,8.13,1.11
46,pulm�n,1,Em1,NaN,NaN,NaN,NaN
46,asfixia,1,E,1.3,0.57,8,1.21
46,cultura,1,Em1,NaN,NaN,NaN,NaN
46,nazi,1,E,1.6,0.88,7.95,1.28
46,campo,0,Em1,NaN,NaN,NaN,NaN
46,plaga,0,E,2.3,1.17,7,1.52
47,intercambio,0,Em1,NaN,NaN,NaN,NaN
47,sida,1,E,1.45,0.69,7.35,1.46
47,piel,0,Em1,NaN,NaN,NaN,NaN
47,sufrimiento,0,E,1.95,1.15,8.3,0.86
47,mente,1,Em1,NaN,NaN,NaN,NaN
47,tumor,0,E,1.33,0.69,7.45,1.05
47,consigna,0,Em1,NaN,NaN,NaN,NaN
47,morgue,1,E,2.9,1.95,6.17,1.93
47,extremidad,1,Em1,NaN,NaN,NaN,NaN
47,amputacion,1,E,2.1,1.17,7.1,1.45
47,pasajero,1,Em1,NaN,NaN,NaN,NaN
47,terrorista,1,E,1.5,0.88,7.6,1.39
47,pasaporte,1,Em1,NaN,NaN,NaN,NaN
47,nazi,1,E,1.6,0.88,7.95,1.28
47,ocupaci�n,0,Em1,NaN,NaN,NaN,NaN
47,asesino,0,E,2.03,1.27,7.6,1.73
47,paisaje,0,Em1,NaN,NaN,NaN,NaN
47,plaga,0,E,2.3,1.17,7,1.52
47,decisi�n,0,Em1,NaN,NaN,NaN,NaN
47,violacion,1,E,1.18,0.5,8.13,1.11
47,chispa,0,Em1,NaN,NaN,NaN,NaN
47,cancer,1,E,1.23,0.73,7.8,1.24
47,ventilaci�n,1,Em1,NaN,NaN,NaN,NaN
47,asfixia,1,E,1.3,0.57,8,1.21
47,desayuno,1,Em1,NaN,NaN,NaN,NaN
47,hambruna,1,E,1.95,1.31,7.35,1.18
47,novela,1,Em1,NaN,NaN,NaN,NaN
47,crimen,1,E,2.15,1.17,7.9,1.17
47,panorama,1,Em1,NaN,NaN,NaN,NaN
47,ceguera,1,E,2.75,1.33,6.95,1.39
47,torre,0,Em1,NaN,NaN,NaN,NaN
47,suicida,1,E,2.15,1.39,7.65,1.04
47,relaci�n,0,Em1,NaN,NaN,NaN,NaN
47,traidor,0,E,2.25,1.24,7.15,1.76
47,grupo,1,Em1,NaN,NaN,NaN,NaN
47,masacre,1,E,1.3,0.57,6.9,2.15
48,ambiente,0,Em1,NaN,NaN,NaN,NaN
48,plaga,0,E,2.3,1.17,7,1.52
48,inmigraci�n,0,Em1,NaN,NaN,NaN,NaN
48,nazi,0,E,1.6,0.88,7.95,1.28
48,panorama,0,Em1,NaN,NaN,NaN,NaN
48,ceguera,0,E,2.75,1.33,6.95,1.39
48,tobillo,1,Em1,NaN,NaN,NaN,NaN
48,amputacion,1,E,2.1,1.17,7.1,1.45
48,historia,0,Em1,NaN,NaN,NaN,NaN
48,crimen,0,E,2.15,1.17,7.9,1.17
48,contrato,0,Em1,NaN,NaN,NaN,NaN
48,violacion,0,E,1.18,0.5,8.13,1.11
48,concierto,0,Em1,NaN,NaN,NaN,NaN
48,terrorista,1,E,1.5,0.88,7.6,1.39
48,ventilaci�n,0,Em1,NaN,NaN,NaN,NaN
48,asfixia,1,E,1.3,0.57,8,1.21
48,ventana,1,Em1,NaN,NaN,NaN,NaN
48,suicida,1,E,2.15,1.39,7.65,1.04
48,cr�neo,1,Em1,NaN,NaN,NaN,NaN
48,tumor,1,E,1.33,0.69,7.45,1.05
48,casillero,0,Em1,NaN,NaN,NaN,NaN
48,morgue,1,E,2.9,1.95,6.17,1.93
48,ocupaci�n,1,Em1,NaN,NaN,NaN,NaN
48,asesino,1,E,2.03,1.27,7.6,1.73
48,congregaci�n,1,Em1,NaN,NaN,NaN,NaN
48,masacre,0,E,1.3,0.57,6.9,2.15
48,alimento,1,Em1,NaN,NaN,NaN,NaN
48,hambruna,0,E,1.95,1.31,7.35,1.18
48,nervio,0,Em1,NaN,NaN,NaN,NaN
48,sufrimiento,0,E,1.95,1.15,8.3,0.86
48,intercambio,0,Em1,NaN,NaN,NaN,NaN
48,sida,1,E,1.45,0.69,7.35,1.46
48,colega,1,Em1,NaN,NaN,NaN,NaN
48,traidor,0,E,2.25,1.24,7.15,1.76
48,destello,0,Em1,NaN,NaN,NaN,NaN
48,cancer,1,E,1.23,0.73,7.8,1.24
49,tr�fico,0,Em1,NaN,NaN,NaN,NaN
49,terrorista,1,E,1.5,0.88,7.6,1.39
49,pasaporte,1,Em1,NaN,NaN,NaN,NaN
49,nazi,1,E,1.6,0.88,7.95,1.28
49,gente,0,Em1,NaN,NaN,NaN,NaN
49,masacre,1,E,1.3,0.57,6.9,2.15
49,edificio,1,Em1,NaN,NaN,NaN,NaN
49,suicida,1,E,2.15,1.39,7.65,1.04
49,mano,0,Em1,NaN,NaN,NaN,NaN
49,amputacion,1,E,2.1,1.17,7.1,1.45
49,mente,1,Em1,NaN,NaN,NaN,NaN
49,tumor,1,E,1.33,0.69,7.45,1.05
49,ventilaci�n,1,Em1,NaN,NaN,NaN,NaN
49,asfixia,0,E,1.3,0.57,8,1.21
49,sol�rium,1,Em1,NaN,NaN,NaN,NaN
49,cancer,1,E,1.23,0.73,7.8,1.24
49,almac�n,1,Em1,NaN,NaN,NaN,NaN
49,morgue,1,E,2.9,1.95,6.17,1.93
49,biograf�a,1,Em1,NaN,NaN,NaN,NaN
49,crimen,1,E,2.15,1.17,7.9,1.17
49,ojo,1,Em1,NaN,NaN,NaN,NaN
49,ceguera,0,E,2.75,1.33,6.95,1.39
49,permiso,0,Em1,NaN,NaN,NaN,NaN
49,violacion,1,E,1.18,0.5,8.13,1.11
49,sujeto,0,Em1,NaN,NaN,NaN,NaN
49,traidor,1,E,2.25,1.24,7.15,1.76
49,empleo,1,Em1,NaN,NaN,NaN,NaN
49,asesino,1,E,2.03,1.27,7.6,1.73
49,palma,1,Em1,NaN,NaN,NaN,NaN
49,sufrimiento,0,E,1.95,1.15,8.3,0.86
49,comunicaci�n,1,Em1,NaN,NaN,NaN,NaN
49,sida,0,E,1.45,0.69,7.35,1.46
49,cocina,0,Em1,NaN,NaN,NaN,NaN
49,hambruna,1,E,1.95,1.31,7.35,1.18
49,ambiente,0,Em1,NaN,NaN,NaN,NaN
49,plaga,0,E,2.3,1.17,7,1.52
50,rascacielos,1,Em1,NaN,NaN,NaN,NaN
50,suicida,1,E,2.15,1.39,7.65,1.04
50,ingenio,1,Em1,NaN,NaN,NaN,NaN
50,tumor,1,E,1.33,0.69,7.45,1.05
50,sensaci�n,0,Em1,NaN,NaN,NaN,NaN
50,sufrimiento,0,E,1.95,1.15,8.3,0.86
50,terminal,0,Em1,NaN,NaN,NaN,NaN
50,terrorista,0,E,1.5,0.88,7.6,1.39
50,buffet,0,Em1,NaN,NaN,NaN,NaN
50,hambruna,0,E,1.95,1.31,7.35,1.18
50,soplo,0,Em1,NaN,NaN,NaN,NaN
50,asfixia,0,E,1.3,0.57,8,1.21
50,viaje,0,Em1,NaN,NaN,NaN,NaN
50,nazi,0,E,1.6,0.88,7.95,1.28
50,armario,0,Em1,NaN,NaN,NaN,NaN
50,morgue,1,E,2.9,1.95,6.17,1.93
50,se�al,0,Em1,NaN,NaN,NaN,NaN
50,sida,1,E,1.45,0.69,7.35,1.46
50,pantorrilla,1,Em1,NaN,NaN,NaN,NaN
50,amputacion,1,E,2.1,1.17,7.1,1.45
50,criatura,0,Em1,NaN,NaN,NaN,NaN
50,plaga,1,E,2.3,1.17,7,1.52
50,observador,0,Em1,NaN,NaN,NaN,NaN
50,ceguera,1,E,2.75,1.33,6.95,1.39
50,historia,1,Em1,NaN,NaN,NaN,NaN
50,crimen,1,E,2.15,1.17,7.9,1.17
50,sol,1,Em1,NaN,NaN,NaN,NaN
50,cancer,1,E,1.23,0.73,7.8,1.24
50,dialogo,1,Em1,NaN,NaN,NaN,NaN
50,masacre,1,E,1.3,0.57,6.9,2.15
50,ingeniero,1,Em1,NaN,NaN,NaN,NaN
50,asesino,1,E,2.03,1.27,7.6,1.73
50,ser,1,Em1,NaN,NaN,NaN,NaN
50,traidor,1,E,2.25,1.24,7.15,1.76
50,decisi�n,1,Em1,NaN,NaN,NaN,NaN
50,violacion,1,E,1.18,0.5,8.13,1.11
51,intercambio,1,Em1,NaN,NaN,NaN,NaN
51,sida,1,E,1.45,0.69,7.35,1.46
51,cr�neo,1,Em1,NaN,NaN,NaN,NaN
51,tumor,1,E,1.33,0.69,7.45,1.05
51,relaci�n,0,Em1,NaN,NaN,NaN,NaN
51,traidor,1,E,2.25,1.24,7.15,1.76
51,consigna,0,Em1,NaN,NaN,NaN,NaN
51,morgue,0,E,2.9,1.95,6.17,1.93
51,rascacielos,1,Em1,NaN,NaN,NaN,NaN
51,suicida,1,E,2.15,1.39,7.65,1.04
51,ventilaci�n,1,Em1,NaN,NaN,NaN,NaN
51,asfixia,1,E,1.3,0.57,8,1.21
51,avi�n,1,Em1,NaN,NaN,NaN,NaN
51,terrorista,1,E,1.5,0.88,7.6,1.39
51,cocina,1,Em1,NaN,NaN,NaN,NaN
51,hambruna,1,E,1.95,1.31,7.35,1.18
51,superficie,0,Em1,NaN,NaN,NaN,NaN
51,sufrimiento,1,E,1.95,1.15,8.3,0.86
51,lugare�o,1,Em1,NaN,NaN,NaN,NaN
51,nazi,0,E,1.6,0.88,7.95,1.28
51,codo,1,Em1,NaN,NaN,NaN,NaN
51,amputacion,1,E,2.1,1.17,7.1,1.45
51,banquero,0,Em1,NaN,NaN,NaN,NaN
51,asesino,1,E,2.03,1.27,7.6,1.73
51,ojo,1,Em1,NaN,NaN,NaN,NaN
51,ceguera,1,E,2.75,1.33,6.95,1.39
51,concurrencia,0,Em1,NaN,NaN,NaN,NaN
51,masacre,0,E,1.3,0.57,6.9,2.15
51,cuento,1,Em1,NaN,NaN,NaN,NaN
51,crimen,1,E,2.15,1.17,7.9,1.17
51,sol,1,Em1,NaN,NaN,NaN,NaN
51,cancer,0,E,1.23,0.73,7.8,1.24
51,regla,1,Em1,NaN,NaN,NaN,NaN
51,violacion,1,E,1.18,0.5,8.13,1.11
52,oxigeno,0,Em1,NaN,NaN,NaN,NaN
52,asfixia,1,E,1.3,0.57,8,1.21
52,concentraci�n,1,Em1,NaN,NaN,NaN,NaN
52,masacre,0,E,1.3,0.57,6.9,2.15
52,mensaje,1,Em1,NaN,NaN,NaN,NaN
52,sida,1,E,1.45,0.69,7.35,1.46
52,fotograf�a,0,Em1,NaN,NaN,NaN,NaN
52,ceguera,0,E,2.75,1.33,6.95,1.39
52,capitulo,1,Em1,NaN,NaN,NaN,NaN
52,crimen,0,E,2.15,1.17,7.9,1.17
52,extremidad,0,Em1,NaN,NaN,NaN,NaN
52,amputacion,1,E,2.1,1.17,7.1,1.45
52,balc�n,0,Em1,NaN,NaN,NaN,NaN
52,suicida,1,E,2.15,1.39,7.65,1.04
52,nacionalidad,0,Em1,NaN,NaN,NaN,NaN
52,nazi,0,E,1.6,0.88,7.95,1.28
52,atm�sfera,0,Em1,NaN,NaN,NaN,NaN
52,plaga,0,E,2.3,1.17,7,1.52
52,sujeto,0,Em1,NaN,NaN,NaN,NaN
52,traidor,1,E,2.25,1.24,7.15,1.76
52,pensamiento,0,Em1,NaN,NaN,NaN,NaN
52,tumor,1,E,1.33,0.69,7.45,1.05
52,norma,1,Em1,NaN,NaN,NaN,NaN
52,violacion,1,E,1.18,0.5,8.13,1.11
52,textura,0,Em1,NaN,NaN,NaN,NaN
52,sufrimiento,1,E,1.95,1.15,8.3,0.86
52,casillero,0,Em1,NaN,NaN,NaN,NaN
52,morgue,1,E,2.9,1.95,6.17,1.93
52,restaurante,0,Em1,NaN,NaN,NaN,NaN
52,hambruna,0,E,1.95,1.31,7.35,1.18
52,trabajo,0,Em1,NaN,NaN,NaN,NaN
52,asesino,1,E,2.03,1.27,7.6,1.73
52,d�a,0,Em1,NaN,NaN,NaN,NaN
52,cancer,1,E,1.23,0.73,7.8,1.24
53,extremidad,0,Em1,NaN,NaN,NaN,NaN
53,amputacion,0,E,2.1,1.17,7.1,1.45
53,almuerzo,1,Em1,NaN,NaN,NaN,NaN
53,hambruna,1,E,1.95,1.31,7.35,1.18
53,destello,0,Em1,NaN,NaN,NaN,NaN
53,cancer,0,E,1.23,0.73,7.8,1.24
53,universo,0,Em1,NaN,NaN,NaN,NaN
53,plaga,1,E,2.3,1.17,7,1.52
53,consenso,0,Em1,NaN,NaN,NaN,NaN
53,violacion,1,E,1.18,0.5,8.13,1.11
53,mente,1,Em1,NaN,NaN,NaN,NaN
53,tumor,1,E,1.33,0.69,7.45,1.05
53,profesi�n,0,Em1,NaN,NaN,NaN,NaN
53,asesino,1,E,2.03,1.27,7.6,1.73
53,socio,0,Em1,NaN,NaN,NaN,NaN
53,traidor,1,E,2.25,1.24,7.15,1.76
53,texto,0,Em1,NaN,NaN,NaN,NaN
53,crimen,1,E,2.15,1.17,7.9,1.17
53,casillero,0,Em1,NaN,NaN,NaN,NaN
53,morgue,0,E,2.9,1.95,6.17,1.93
53,concurrencia,0,Em1,NaN,NaN,NaN,NaN
53,masacre,0,E,1.3,0.57,6.9,2.15
53,boca,1,Em1,NaN,NaN,NaN,NaN
53,asfixia,1,E,1.3,0.57,8,1.21
53,nervio,1,Em1,NaN,NaN,NaN,NaN
53,sufrimiento,1,E,1.95,1.15,8.3,0.86
53,escena,0,Em1,NaN,NaN,NaN,NaN
53,ceguera,0,E,2.75,1.33,6.95,1.39
53,visado,1,Em1,NaN,NaN,NaN,NaN
53,nazi,1,E,1.6,0.88,7.95,1.28
53,tr�fico,0,Em1,NaN,NaN,NaN,NaN
53,terrorista,0,E,1.5,0.88,7.6,1.39
53,rascacielos,0,Em1,NaN,NaN,NaN,NaN
53,suicida,0,E,2.15,1.39,7.65,1.04
53,receptor,1,Em1,NaN,NaN,NaN,NaN
53,sida,1,E,1.45,0.69,7.35,1.46
54,sensibilidad,0,Em1,NaN,NaN,NaN,NaN
54,sufrimiento,0,E,1.95,1.15,8.3,0.86
54,regla,0,Em1,NaN,NaN,NaN,NaN
54,violacion,1,E,1.18,0.5,8.13,1.11
54,pulm�n,1,Em1,NaN,NaN,NaN,NaN
54,asfixia,0,E,1.3,0.57,8,1.21
54,ocupaci�n,0,Em1,NaN,NaN,NaN,NaN
54,asesino,1,E,2.03,1.27,7.6,1.73
54,inteligencia,1,Em1,NaN,NaN,NaN,NaN
54,tumor,1,E,1.33,0.69,7.45,1.05
54,atm�sfera,1,Em1,NaN,NaN,NaN,NaN
54,plaga,1,E,2.3,1.17,7,1.52
54,d�a,1,Em1,NaN,NaN,NaN,NaN
54,cancer,1,E,1.23,0.73,7.8,1.24
54,alimento,0,Em1,NaN,NaN,NaN,NaN
54,hambruna,1,E,1.95,1.31,7.35,1.18
54,tipo,1,Em1,NaN,NaN,NaN,NaN
54,traidor,1,E,2.25,1.24,7.15,1.76
54,visi�n,1,Em1,NaN,NaN,NaN,NaN
54,ceguera,0,E,2.75,1.33,6.95,1.39
54,cuento,0,Em1,NaN,NaN,NaN,NaN
54,crimen,1,E,2.15,1.17,7.9,1.17
54,concurrencia,1,Em1,NaN,NaN,NaN,NaN
54,masacre,1,E,1.3,0.57,6.9,2.15
54,intercambio,0,Em1,NaN,NaN,NaN,NaN
54,sida,1,E,1.45,0.69,7.35,1.46
54,estaci�n,0,Em1,NaN,NaN,NaN,NaN
54,terrorista,1,E,1.5,0.88,7.6,1.39
54,cultura,1,Em1,NaN,NaN,NaN,NaN
54,nazi,1,E,1.6,0.88,7.95,1.28
54,caj�n,1,Em1,NaN,NaN,NaN,NaN
54,morgue,1,E,2.9,1.95,6.17,1.93
54,tobillo,0,Em1,NaN,NaN,NaN,NaN
54,amputacion,1,E,2.1,1.17,7.1,1.45
54,puente,1,Em1,NaN,NaN,NaN,NaN
54,suicida,1,E,2.15,1.39,7.65,1.04
55,brinco,0,Em1,NaN,NaN,NaN,NaN
55,suicida,1,E,2.15,1.39,7.65,1.04
55,pasajero,0,Em1,NaN,NaN,NaN,NaN
55,terrorista,0,E,1.5,0.88,7.6,1.39
55,actor,0,Em1,NaN,NaN,NaN,NaN
55,asesino,0,E,2.03,1.27,7.6,1.73
55,visi�n,1,Em1,NaN,NaN,NaN,NaN
55,ceguera,1,E,2.75,1.33,6.95,1.39
55,cena,1,Em1,NaN,NaN,NaN,NaN
55,hambruna,0,E,1.95,1.31,7.35,1.18
55,extremidad,1,Em1,NaN,NaN,NaN,NaN
55,amputacion,1,E,2.1,1.17,7.1,1.45
55,historia,0,Em1,NaN,NaN,NaN,NaN
55,crimen,0,E,2.15,1.17,7.9,1.17
55,energ�a,0,Em1,NaN,NaN,NaN,NaN
55,cancer,0,E,1.23,0.73,7.8,1.24
55,relaci�n,0,Em1,NaN,NaN,NaN,NaN
55,traidor,0,E,2.25,1.24,7.15,1.76
55,inteligencia,0,Em1,NaN,NaN,NaN,NaN
55,tumor,0,E,1.33,0.69,7.45,1.05
55,viento,0,Em1,NaN,NaN,NaN,NaN
55,asfixia,0,E,1.3,0.57,8,1.21
55,nevera,0,Em1,NaN,NaN,NaN,NaN
55,morgue,1,E,2.9,1.95,6.17,1.93
55,fuente,0,Em1,NaN,NaN,NaN,NaN
55,sida,1,E,1.45,0.69,7.35,1.46
55,decisi�n,0,Em1,NaN,NaN,NaN,NaN
55,violacion,1,E,1.18,0.5,8.13,1.11
55,gente,0,Em1,NaN,NaN,NaN,NaN
55,masacre,1,E,1.3,0.57,6.9,2.15
55,extranjero,1,Em1,NaN,NaN,NaN,NaN
55,nazi,1,E,1.6,0.88,7.95,1.28
55,campo,0,Em1,NaN,NaN,NaN,NaN
55,plaga,1,E,2.3,1.17,7,1.52
55,textura,0,Em1,NaN,NaN,NaN,NaN
55,sufrimiento,0,E,1.95,1.15,8.3,0.86
56,ocupaci�n,0,Em1,NaN,NaN,NaN,NaN
56,asesino,1,E,2.03,1.27,7.6,1.73
56,socio,0,Em1,NaN,NaN,NaN,NaN
56,traidor,1,E,2.25,1.24,7.15,1.76
56,lugare�o,0,Em1,NaN,NaN,NaN,NaN
56,nazi,0,E,1.6,0.88,7.95,1.28
56,transacci�n,0,Em1,NaN,NaN,NaN,NaN
56,sida,1,E,1.45,0.69,7.35,1.46
56,brazo,0,Em1,NaN,NaN,NaN,NaN
56,amputacion,1,E,2.1,1.17,7.1,1.45
56,editor,1,Em1,NaN,NaN,NaN,NaN
56,crimen,0,E,2.15,1.17,7.9,1.17
56,festival,1,Em1,NaN,NaN,NaN,NaN
56,terrorista,1,E,1.5,0.88,7.6,1.39
56,sopa,1,Em1,NaN,NaN,NaN,NaN
56,hambruna,0,E,1.95,1.31,7.35,1.18
56,consenso,0,Em1,NaN,NaN,NaN,NaN
56,violacion,1,E,1.18,0.5,8.13,1.11
56,puente,0,Em1,NaN,NaN,NaN,NaN
56,suicida,0,E,2.15,1.39,7.65,1.04
56,envase,0,Em1,NaN,NaN,NaN,NaN
56,morgue,0,E,2.9,1.95,6.17,1.93
56,textura,0,Em1,NaN,NaN,NaN,NaN
56,sufrimiento,0,E,1.95,1.15,8.3,0.86
56,ingenio,1,Em1,NaN,NaN,NaN,NaN
56,tumor,1,E,1.33,0.69,7.45,1.05
56,universo,1,Em1,NaN,NaN,NaN,NaN
56,plaga,1,E,2.3,1.17,7,1.52
56,aire,1,Em1,NaN,NaN,NaN,NaN
56,asfixia,0,E,1.3,0.57,8,1.21
56,sol,1,Em1,NaN,NaN,NaN,NaN
56,cancer,0,E,1.23,0.73,7.8,1.24
56,asamblea,1,Em1,NaN,NaN,NaN,NaN
56,masacre,1,E,1.3,0.57,6.9,2.15
56,cine,1,Em1,NaN,NaN,NaN,NaN
56,ceguera,0,E,2.75,1.33,6.95,1.39
57,ojo,1,Em1,NaN,NaN,NaN,NaN
57,ceguera,1,E,2.75,1.33,6.95,1.39
57,tr�fico,0,Em1,NaN,NaN,NaN,NaN
57,terrorista,0,E,1.5,0.88,7.6,1.39
57,asociaci�n,1,Em1,NaN,NaN,NaN,NaN
57,masacre,1,E,1.3,0.57,6.9,2.15
57,hombro,1,Em1,NaN,NaN,NaN,NaN
57,amputacion,1,E,2.1,1.17,7.1,1.45
57,aprendiz,1,Em1,NaN,NaN,NaN,NaN
57,asesino,0,E,2.03,1.27,7.6,1.73
57,viento,1,Em1,NaN,NaN,NaN,NaN
57,asfixia,0,E,1.3,0.57,8,1.21
57,amanecer,0,Em1,NaN,NaN,NaN,NaN
57,cancer,0,E,1.23,0.73,7.8,1.24
57,tejado,0,Em1,NaN,NaN,NaN,NaN
57,suicida,0,E,2.15,1.39,7.65,1.04
57,mente,1,Em1,NaN,NaN,NaN,NaN
57,tumor,0,E,1.33,0.69,7.45,1.05
57,texto,0,Em1,NaN,NaN,NaN,NaN
57,crimen,0,E,2.15,1.17,7.9,1.17
57,evoluci�n,0,Em1,NaN,NaN,NaN,NaN
57,plaga,0,E,2.3,1.17,7,1.52
57,consigna,0,Em1,NaN,NaN,NaN,NaN
57,morgue,1,E,2.9,1.95,6.17,1.93
57,sensibilidad,0,Em1,NaN,NaN,NaN,NaN
57,sufrimiento,1,E,1.95,1.15,8.3,0.86
57,fuente,0,Em1,NaN,NaN,NaN,NaN
57,sida,1,E,1.45,0.69,7.35,1.46
57,pasaporte,0,Em1,NaN,NaN,NaN,NaN
57,nazi,0,E,1.6,0.88,7.95,1.28
57,resoluci�n,0,Em1,NaN,NaN,NaN,NaN
57,violacion,0,E,1.18,0.5,8.13,1.11
57,compa�ero,1,Em1,NaN,NaN,NaN,NaN
57,traidor,1,E,2.25,1.24,7.15,1.76
57,despensa,1,Em1,NaN,NaN,NaN,NaN
57,hambruna,0,E,1.95,1.31,7.35,1.18
58,inmigraci�n,0,Em1,NaN,NaN,NaN,NaN
58,nazi,0,E,1.6,0.88,7.95,1.28
58,sol,1,Em1,NaN,NaN,NaN,NaN
58,cancer,1,E,1.23,0.73,7.8,1.24
58,raz�n,0,Em1,NaN,NaN,NaN,NaN
58,tumor,1,E,1.33,0.69,7.45,1.05
58,comunicaci�n,0,Em1,NaN,NaN,NaN,NaN
58,sida,1,E,1.45,0.69,7.35,1.46
58,humanidad,0,Em1,NaN,NaN,NaN,NaN
58,plaga,0,E,2.3,1.17,7,1.52
58,cocina,0,Em1,NaN,NaN,NaN,NaN
58,hambruna,1,E,1.95,1.31,7.35,1.18
58,bajada,1,Em1,NaN,NaN,NaN,NaN
58,suicida,1,E,2.15,1.39,7.65,1.04
58,metro,0,Em1,NaN,NaN,NaN,NaN
58,terrorista,1,E,1.5,0.88,7.6,1.39
58,caj�n,0,Em1,NaN,NaN,NaN,NaN
58,morgue,0,E,2.9,1.95,6.17,1.93
58,mujer,1,Em1,NaN,NaN,NaN,NaN
58,traidor,1,E,2.25,1.24,7.15,1.76
58,trabajo,0,Em1,NaN,NaN,NaN,NaN
58,asesino,1,E,2.03,1.27,7.6,1.73
58,comunidad,0,Em1,NaN,NaN,NaN,NaN
58,masacre,1,E,1.3,0.57,6.9,2.15
58,extremidad,0,Em1,NaN,NaN,NaN,NaN
58,amputacion,0,E,2.1,1.17,7.1,1.45
58,vapor,0,Em1,NaN,NaN,NaN,NaN
58,asfixia,1,E,1.3,0.57,8,1.21
58,novela,1,Em1,NaN,NaN,NaN,NaN
58,crimen,1,E,2.15,1.17,7.9,1.17
58,fotograf�a,0,Em1,NaN,NaN,NaN,NaN
58,ceguera,1,E,2.75,1.33,6.95,1.39
58,pauta,0,Em1,NaN,NaN,NaN,NaN
58,violacion,1,E,1.18,0.5,8.13,1.11
58,vibraci�n,0,Em1,NaN,NaN,NaN,NaN
58,sufrimiento,1,E,1.95,1.15,8.3,0.86
59,originario,0,Em1,NaN,NaN,NaN,NaN
59,nazi,1,E,1.6,0.88,7.95,1.28
59,luminoso,1,Em1,NaN,NaN,NaN,NaN
59,cancer,1,E,1.23,0.73,7.8,1.24
59,comunicaci�n,0,Em1,NaN,NaN,NaN,NaN
59,sida,1,E,1.45,0.69,7.35,1.46
59,despensa,0,Em1,NaN,NaN,NaN,NaN
59,hambruna,1,E,1.95,1.31,7.35,1.18
59,abogado,1,Em1,NaN,NaN,NaN,NaN
59,asesino,1,E,2.03,1.27,7.6,1.73
59,campo,0,Em1,NaN,NaN,NaN,NaN
59,plaga,0,E,2.3,1.17,7,1.52
59,oxigeno,1,Em1,NaN,NaN,NaN,NaN
59,asfixia,0,E,1.3,0.57,8,1.21
59,edificio,1,Em1,NaN,NaN,NaN,NaN
59,suicida,0,E,2.15,1.39,7.65,1.04
59,�ptica,1,Em1,NaN,NaN,NaN,NaN
59,ceguera,0,E,2.75,1.33,6.95,1.39
59,gente,1,Em1,NaN,NaN,NaN,NaN
59,masacre,1,E,1.3,0.57,6.9,2.15
59,aeropuerto,1,Em1,NaN,NaN,NaN,NaN
59,terrorista,1,E,1.5,0.88,7.6,1.39
59,muslo,1,Em1,NaN,NaN,NaN,NaN
59,amputacion,1,E,2.1,1.17,7.1,1.45
59,dama,0,Em1,NaN,NaN,NaN,NaN
59,traidor,1,E,2.25,1.24,7.15,1.76
59,creatividad,1,Em1,NaN,NaN,NaN,NaN
59,tumor,1,E,1.33,0.69,7.45,1.05
59,palma,0,Em1,NaN,NaN,NaN,NaN
59,sufrimiento,0,E,1.95,1.15,8.3,0.86
59,casillero,1,Em1,NaN,NaN,NaN,NaN
59,morgue,0,E,2.9,1.95,6.17,1.93
59,ley,1,Em1,NaN,NaN,NaN,NaN
59,violacion,1,E,1.18,0.5,8.13,1.11
59,novela,1,Em1,NaN,NaN,NaN,NaN
59,crimen,0,E,2.15,1.17,7.9,1.17
60,energ�a,0,Em1,NaN,NaN,NaN,NaN
60,cancer,1,E,1.23,0.73,7.8,1.24
60,ambiente,0,Em1,NaN,NaN,NaN,NaN
60,plaga,0,E,2.3,1.17,7,1.52
60,visitante,1,Em1,NaN,NaN,NaN,NaN
60,nazi,1,E,1.6,0.88,7.95,1.28
60,ley,1,Em1,NaN,NaN,NaN,NaN
60,violacion,1,E,1.18,0.5,8.13,1.11
60,ojeada,0,Em1,NaN,NaN,NaN,NaN
60,ceguera,0,E,2.75,1.33,6.95,1.39
60,ser,0,Em1,NaN,NaN,NaN,NaN
60,traidor,1,E,2.25,1.24,7.15,1.76
60,torre,0,Em1,NaN,NaN,NaN,NaN
60,suicida,1,E,2.15,1.39,7.65,1.04
60,almac�n,0,Em1,NaN,NaN,NaN,NaN
60,morgue,0,E,2.9,1.95,6.17,1.93
60,reuni�n,0,Em1,NaN,NaN,NaN,NaN
60,masacre,1,E,1.3,0.57,6.9,2.15
60,ventilaci�n,0,Em1,NaN,NaN,NaN,NaN
60,asfixia,0,E,1.3,0.57,8,1.21
60,raz�n,0,Em1,NaN,NaN,NaN,NaN
60,tumor,1,E,1.33,0.69,7.45,1.05
60,f�sico,0,Em1,NaN,NaN,NaN,NaN
60,asesino,1,E,2.03,1.27,7.6,1.73
60,extremidad,1,Em1,NaN,NaN,NaN,NaN
60,amputacion,1,E,2.1,1.17,7.1,1.45
60,estadio,1,Em1,NaN,NaN,NaN,NaN
60,terrorista,1,E,1.5,0.88,7.6,1.39
60,superficie,0,Em1,NaN,NaN,NaN,NaN
60,sufrimiento,0,E,1.95,1.15,8.3,0.86
60,continuaci�n,1,Em1,NaN,NaN,NaN,NaN
60,crimen,1,E,2.15,1.17,7.9,1.17
60,despensa,0,Em1,NaN,NaN,NaN,NaN
60,hambruna,0,E,1.95,1.31,7.35,1.18
61,patriotismo,0,Em1,NaN,NaN,NaN,NaN
61,nazi,1,E,1.6,0.88,7.95,1.28
61,nervio,0,Em1,NaN,NaN,NaN,NaN
61,sufrimiento,0,E,1.95,1.15,8.3,0.86
61,evoluci�n,1,Em1,NaN,NaN,NaN,NaN
61,plaga,1,E,2.3,1.17,7,1.52
61,mu�eca,0,Em1,NaN,NaN,NaN,NaN
61,amputacion,1,E,2.1,1.17,7.1,1.45
61,puente,0,Em1,NaN,NaN,NaN,NaN
61,suicida,0,E,2.15,1.39,7.65,1.04
61,decisi�n,0,Em1,NaN,NaN,NaN,NaN
61,violacion,1,E,1.18,0.5,8.13,1.11
61,encuentro,0,Em1,NaN,NaN,NaN,NaN
61,terrorista,1,E,1.5,0.88,7.6,1.39
61,boca,0,Em1,NaN,NaN,NaN,NaN
61,asfixia,1,E,1.3,0.57,8,1.21
61,abogado,0,Em1,NaN,NaN,NaN,NaN
61,asesino,1,E,2.03,1.27,7.6,1.73
61,bote,1,Em1,NaN,NaN,NaN,NaN
61,morgue,1,E,2.9,1.95,6.17,1.93
61,desayuno,0,Em1,NaN,NaN,NaN,NaN
61,hambruna,0,E,1.95,1.31,7.35,1.18
61,protagonista,0,Em1,NaN,NaN,NaN,NaN
61,crimen,0,E,2.15,1.17,7.9,1.17
61,concentraci�n,1,Em1,NaN,NaN,NaN,NaN
61,masacre,0,E,1.3,0.57,6.9,2.15
61,esplendor,0,Em1,NaN,NaN,NaN,NaN
61,cancer,0,E,1.23,0.73,7.8,1.24
61,destinatario,0,Em1,NaN,NaN,NaN,NaN
61,sida,0,E,1.45,0.69,7.35,1.46
61,ingenio,1,Em1,NaN,NaN,NaN,NaN
61,tumor,1,E,1.33,0.69,7.45,1.05
61,dama,1,Em1,NaN,NaN,NaN,NaN
61,traidor,1,E,2.25,1.24,7.15,1.76
61,ojeada,1,Em1,NaN,NaN,NaN,NaN
61,ceguera,0,E,2.75,1.33,6.95,1.39
62,aire,0,Em1,NaN,NaN,NaN,NaN
62,asfixia,0,E,1.3,0.57,8,1.21
62,norma,1,Em1,NaN,NaN,NaN,NaN
62,violacion,1,E,1.18,0.5,8.13,1.11
62,puente,0,Em1,NaN,NaN,NaN,NaN
62,suicida,0,E,2.15,1.39,7.65,1.04
62,planeta,1,Em1,NaN,NaN,NaN,NaN
62,plaga,0,E,2.3,1.17,7,1.52
62,qu�mico,0,Em1,NaN,NaN,NaN,NaN
62,asesino,1,E,2.03,1.27,7.6,1.73
62,consigna,1,Em1,NaN,NaN,NaN,NaN
62,morgue,0,E,2.9,1.95,6.17,1.93
62,sensaci�n,1,Em1,NaN,NaN,NaN,NaN
62,sufrimiento,1,E,1.95,1.15,8.3,0.86
62,fuente,0,Em1,NaN,NaN,NaN,NaN
62,sida,0,E,1.45,0.69,7.35,1.46
62,extranjero,1,Em1,NaN,NaN,NaN,NaN
62,nazi,0,E,1.6,0.88,7.95,1.28
62,cadera,0,Em1,NaN,NaN,NaN,NaN
62,amputacion,0,E,2.1,1.17,7.1,1.45
62,neurona,1,Em1,NaN,NaN,NaN,NaN
62,tumor,1,E,1.33,0.69,7.45,1.05
62,texto,0,Em1,NaN,NaN,NaN,NaN
62,crimen,0,E,2.15,1.17,7.9,1.17
62,ojo,0,Em1,NaN,NaN,NaN,NaN
62,ceguera,0,E,2.75,1.33,6.95,1.39
62,estrella,0,Em1,NaN,NaN,NaN,NaN
62,cancer,0,E,1.23,0.73,7.8,1.24
62,merienda,0,Em1,NaN,NaN,NaN,NaN
62,hambruna,0,E,1.95,1.31,7.35,1.18
62,aeropuerto,1,Em1,NaN,NaN,NaN,NaN
62,terrorista,1,E,1.5,0.88,7.6,1.39
62,socio,0,Em1,NaN,NaN,NaN,NaN
62,traidor,1,E,2.25,1.24,7.15,1.76
62,dialogo,0,Em1,NaN,NaN,NaN,NaN
62,masacre,0,E,1.3,0.57,6.9,2.15
63,libro,0,Em1,NaN,NaN,NaN,NaN
63,crimen,0,E,2.15,1.17,7.9,1.17
63,cr�neo,1,Em1,NaN,NaN,NaN,NaN
63,tumor,0,E,1.33,0.69,7.45,1.05
63,lugare�o,0,Em1,NaN,NaN,NaN,NaN
63,nazi,1,E,1.6,0.88,7.95,1.28
63,ingeniero,0,Em1,NaN,NaN,NaN,NaN
63,asesino,1,E,2.03,1.27,7.6,1.73
63,video,0,Em1,NaN,NaN,NaN,NaN
63,ceguera,1,E,2.75,1.33,6.95,1.39
63,mensaje,0,Em1,NaN,NaN,NaN,NaN
63,sida,0,E,1.45,0.69,7.35,1.46
63,cuerpo,0,Em1,NaN,NaN,NaN,NaN
63,sufrimiento,0,E,1.95,1.15,8.3,0.86
63,boca,1,Em1,NaN,NaN,NaN,NaN
63,asfixia,1,E,1.3,0.57,8,1.21
63,amanecer,1,Em1,NaN,NaN,NaN,NaN
63,cancer,1,E,1.23,0.73,7.8,1.24
63,articulaci�n,1,Em1,NaN,NaN,NaN,NaN
63,amputacion,1,E,2.1,1.17,7.1,1.45
63,relaci�n,1,Em1,NaN,NaN,NaN,NaN
63,traidor,1,E,2.25,1.24,7.15,1.76
63,edificio,1,Em1,NaN,NaN,NaN,NaN
63,suicida,1,E,2.15,1.39,7.65,1.04
63,instrucci�n,0,Em1,NaN,NaN,NaN,NaN
63,violacion,0,E,1.18,0.5,8.13,1.11
63,evoluci�n,1,Em1,NaN,NaN,NaN,NaN
63,plaga,0,E,2.3,1.17,7,1.52
63,trastero,1,Em1,NaN,NaN,NaN,NaN
63,morgue,1,E,2.9,1.95,6.17,1.93
63,pasajero,1,Em1,NaN,NaN,NaN,NaN
63,terrorista,1,E,1.5,0.88,7.6,1.39
63,congregaci�n,0,Em1,NaN,NaN,NaN,NaN
63,masacre,0,E,1.3,0.57,6.9,2.15
64,textura,0,Em1,NaN,NaN,NaN,NaN
64,sufrimiento,0,E,1.95,1.15,8.3,0.86
64,colega,0,Em1,NaN,NaN,NaN,NaN
64,traidor,1,E,2.25,1.24,7.15,1.76
64,oxigeno,1,Em1,NaN,NaN,NaN,NaN
64,asfixia,1,E,1.3,0.57,8,1.21
64,ventana,1,Em1,NaN,NaN,NaN,NaN
64,suicida,0,E,2.15,1.39,7.65,1.04
64,energ�a,1,Em1,NaN,NaN,NaN,NaN
64,cancer,1,E,1.23,0.73,7.8,1.24
64,humanidad,1,Em1,NaN,NaN,NaN,NaN
64,plaga,1,E,2.3,1.17,7,1.52
64,fuente,1,Em1,NaN,NaN,NaN,NaN
64,sida,1,E,1.45,0.69,7.35,1.46
64,patriotismo,1,Em1,NaN,NaN,NaN,NaN
64,nazi,1,E,1.6,0.88,7.95,1.28
64,autor,1,Em1,NaN,NaN,NaN,NaN
64,crimen,1,E,2.15,1.17,7.9,1.17
64,cine,0,Em1,NaN,NaN,NaN,NaN
64,ceguera,0,E,2.75,1.33,6.95,1.39
64,trabajo,1,Em1,NaN,NaN,NaN,NaN
64,asesino,1,E,2.03,1.27,7.6,1.73
64,resoluci�n,0,Em1,NaN,NaN,NaN,NaN
64,violacion,1,E,1.18,0.5,8.13,1.11
64,desayuno,0,Em1,NaN,NaN,NaN,NaN
64,hambruna,1,E,1.95,1.31,7.35,1.18
64,teatro,0,Em1,NaN,NaN,NaN,NaN
64,terrorista,1,E,1.5,0.88,7.6,1.39
64,consigna,1,Em1,NaN,NaN,NaN,NaN
64,morgue,1,E,2.9,1.95,6.17,1.93
64,pensamiento,1,Em1,NaN,NaN,NaN,NaN
64,tumor,0,E,1.33,0.69,7.45,1.05
64,reuni�n,0,Em1,NaN,NaN,NaN,NaN
64,masacre,1,E,1.3,0.57,6.9,2.15
65,editor,1,Em1,NaN,NaN,NaN,NaN
65,crimen,0,E,2.15,1.17,7.9,1.17
65,boca,0,Em1,NaN,NaN,NaN,NaN
65,asfixia,0,E,1.3,0.57,8,1.21
65,inmigraci�n,0,Em1,NaN,NaN,NaN,NaN
65,nazi,1,E,1.6,0.88,7.95,1.28
65,ambiente,0,Em1,NaN,NaN,NaN,NaN
65,plaga,0,E,2.3,1.17,7,1.52
65,congreso,0,Em1,NaN,NaN,NaN,NaN
65,masacre,0,E,1.3,0.57,6.9,2.15
65,dama,1,Em1,NaN,NaN,NaN,NaN
65,traidor,1,E,2.25,1.24,7.15,1.76
65,panorama,0,Em1,NaN,NaN,NaN,NaN
65,ceguera,1,E,2.75,1.33,6.95,1.39
65,concierto,1,Em1,NaN,NaN,NaN,NaN
65,terrorista,1,E,1.5,0.88,7.6,1.39
65,muslo,1,Em1,NaN,NaN,NaN,NaN
65,amputacion,1,E,2.1,1.17,7.1,1.45
65,alimento,1,Em1,NaN,NaN,NaN,NaN
65,hambruna,1,E,1.95,1.31,7.35,1.18
65,bote,1,Em1,NaN,NaN,NaN,NaN
65,morgue,1,E,2.9,1.95,6.17,1.93
65,legislaci�n,1,Em1,NaN,NaN,NaN,NaN
65,violacion,1,E,1.18,0.5,8.13,1.11
65,abogado,1,Em1,NaN,NaN,NaN,NaN
65,asesino,0,E,2.03,1.27,7.6,1.73
65,tejado,1,Em1,NaN,NaN,NaN,NaN
65,suicida,1,E,2.15,1.39,7.65,1.04
65,terciopelo,0,Em1,NaN,NaN,NaN,NaN
65,sufrimiento,0,E,1.95,1.15,8.3,0.86
65,creatividad,0,Em1,NaN,NaN,NaN,NaN
65,tumor,1,E,1.33,0.69,7.45,1.05
65,chispa,0,Em1,NaN,NaN,NaN,NaN
65,cancer,0,E,1.23,0.73,7.8,1.24
66,pasajero,0,Em1,NaN,NaN,NaN,NaN
66,terrorista,0,E,1.5,0.88,7.6,1.39
66,hombro,0,Em1,NaN,NaN,NaN,NaN
66,amputacion,0,E,2.1,1.17,7.1,1.45
66,destello,0,Em1,NaN,NaN,NaN,NaN
66,cancer,1,E,1.23,0.73,7.8,1.24
66,ser,0,Em1,NaN,NaN,NaN,NaN
66,traidor,0,E,2.25,1.24,7.15,1.76
66,ingeniero,0,Em1,NaN,NaN,NaN,NaN
66,asesino,0,E,2.03,1.27,7.6,1.73
66,ojeada,1,Em1,NaN,NaN,NaN,NaN
66,ceguera,1,E,2.75,1.33,6.95,1.39
66,nervio,0,Em1,NaN,NaN,NaN,NaN
66,sufrimiento,0,E,1.95,1.15,8.3,0.86
66,pauta,0,Em1,NaN,NaN,NaN,NaN
66,violacion,1,E,1.18,0.5,8.13,1.11
66,asamblea,1,Em1,NaN,NaN,NaN,NaN
66,masacre,1,E,1.3,0.57,6.9,2.15
66,universo,1,Em1,NaN,NaN,NaN,NaN
66,plaga,0,E,2.3,1.17,7,1.52
66,pensamiento,1,Em1,NaN,NaN,NaN,NaN
66,tumor,1,E,1.33,0.69,7.45,1.05
66,fuente,0,Em1,NaN,NaN,NaN,NaN
66,sida,0,E,1.45,0.69,7.35,1.46
66,torre,0,Em1,NaN,NaN,NaN,NaN
66,suicida,1,E,2.15,1.39,7.65,1.04
66,nevera,1,Em1,NaN,NaN,NaN,NaN
66,morgue,1,E,2.9,1.95,6.17,1.93
66,bocata,1,Em1,NaN,NaN,NaN,NaN
66,hambruna,0,E,1.95,1.31,7.35,1.18
66,ventilaci�n,0,Em1,NaN,NaN,NaN,NaN
66,asfixia,1,E,1.3,0.57,8,1.21
66,historia,0,Em1,NaN,NaN,NaN,NaN
66,crimen,0,E,2.15,1.17,7.9,1.17
66,lugare�o,0,Em1,NaN,NaN,NaN,NaN
66,nazi,0,E,1.6,0.88,7.95,1.28
67,extremidad,1,Em1,NaN,NaN,NaN,NaN
67,amputacion,1,E,2.1,1.17,7.1,1.45
67,estaci�n,1,Em1,NaN,NaN,NaN,NaN
67,terrorista,1,E,1.5,0.88,7.6,1.39
67,video,0,Em1,NaN,NaN,NaN,NaN
67,ceguera,0,E,2.75,1.33,6.95,1.39
67,sensibilidad,0,Em1,NaN,NaN,NaN,NaN
67,sufrimiento,0,E,1.95,1.15,8.3,0.86
67,decisi�n,0,Em1,NaN,NaN,NaN,NaN
67,violacion,0,E,1.18,0.5,8.13,1.11
67,evoluci�n,0,Em1,NaN,NaN,NaN,NaN
67,plaga,1,E,2.3,1.17,7,1.52
67,trastero,0,Em1,NaN,NaN,NaN,NaN
67,morgue,1,E,2.9,1.95,6.17,1.93
67,socio,0,Em1,NaN,NaN,NaN,NaN
67,traidor,1,E,2.25,1.24,7.15,1.76
67,grupo,0,Em1,NaN,NaN,NaN,NaN
67,masacre,1,E,1.3,0.57,6.9,2.15
67,tejado,1,Em1,NaN,NaN,NaN,NaN
67,suicida,1,E,2.15,1.39,7.65,1.04
67,ocupaci�n,0,Em1,NaN,NaN,NaN,NaN
67,asesino,0,E,2.03,1.27,7.6,1.73
67,luminoso,0,Em1,NaN,NaN,NaN,NaN
67,cancer,1,E,1.23,0.73,7.8,1.24
67,imaginaci�n,1,Em1,NaN,NaN,NaN,NaN
67,tumor,0,E,1.33,0.69,7.45,1.05
67,bocata,0,Em1,NaN,NaN,NaN,NaN
67,hambruna,0,E,1.95,1.31,7.35,1.18
67,libro,1,Em1,NaN,NaN,NaN,NaN
67,crimen,1,E,2.15,1.17,7.9,1.17
67,pulm�n,0,Em1,NaN,NaN,NaN,NaN
67,asfixia,1,E,1.3,0.57,8,1.21
67,lugare�o,1,Em1,NaN,NaN,NaN,NaN
67,nazi,1,E,1.6,0.88,7.95,1.28
67,correo,0,Em1,NaN,NaN,NaN,NaN
67,sida,1,E,1.45,0.69,7.35,1.46
68,inteligencia,0,Em1,NaN,NaN,NaN,NaN
68,tumor,0,E,1.33,0.69,7.45,1.05
68,profesi�n,0,Em1,NaN,NaN,NaN,NaN
68,asesino,1,E,2.03,1.27,7.6,1.73
68,mujer,0,Em1,NaN,NaN,NaN,NaN
68,traidor,1,E,2.25,1.24,7.15,1.76
68,legislaci�n,0,Em1,NaN,NaN,NaN,NaN
68,violacion,0,E,1.18,0.5,8.13,1.11
68,reflectante,1,Em1,NaN,NaN,NaN,NaN
68,cancer,1,E,1.23,0.73,7.8,1.24
68,texto,0,Em1,NaN,NaN,NaN,NaN
68,crimen,1,E,2.15,1.17,7.9,1.17
68,atm�sfera,0,Em1,NaN,NaN,NaN,NaN
68,plaga,0,E,2.3,1.17,7,1.52
68,contacto,1,Em1,NaN,NaN,NaN,NaN
68,sufrimiento,1,E,1.95,1.15,8.3,0.86
68,cocinero,1,Em1,NaN,NaN,NaN,NaN
68,hambruna,1,E,1.95,1.31,7.35,1.18
68,mu�eca,1,Em1,NaN,NaN,NaN,NaN
68,amputacion,1,E,2.1,1.17,7.1,1.45
68,visi�n,1,Em1,NaN,NaN,NaN,NaN
68,ceguera,0,E,2.75,1.33,6.95,1.39
68,vapor,0,Em1,NaN,NaN,NaN,NaN
68,asfixia,1,E,1.3,0.57,8,1.21
68,visitante,0,Em1,NaN,NaN,NaN,NaN
68,nazi,1,E,1.6,0.88,7.95,1.28
68,pasajero,1,Em1,NaN,NaN,NaN,NaN
68,terrorista,1,E,1.5,0.88,7.6,1.39
68,consigna,1,Em1,NaN,NaN,NaN,NaN
68,morgue,0,E,2.9,1.95,6.17,1.93
68,rascacielos,1,Em1,NaN,NaN,NaN,NaN
68,suicida,1,E,2.15,1.39,7.65,1.04
68,transacci�n,1,Em1,NaN,NaN,NaN,NaN
68,sida,1,E,1.45,0.69,7.35,1.46
69,aprendiz,0,Em1,NaN,NaN,NaN,NaN
69,asesino,0,E,2.03,1.27,7.6,1.73
69,cerebro,1,Em1,NaN,NaN,NaN,NaN
69,tumor,1,E,1.33,0.69,7.45,1.05
69,branquias,1,Em1,NaN,NaN,NaN,NaN
69,asfixia,0,E,1.3,0.57,8,1.21
69,brazo,0,Em1,NaN,NaN,NaN,NaN
69,amputacion,1,E,2.1,1.17,7.1,1.45
69,chispa,1,Em1,NaN,NaN,NaN,NaN
69,cancer,1,E,1.23,0.73,7.8,1.24
69,naturaleza,1,Em1,NaN,NaN,NaN,NaN
69,plaga,1,E,2.3,1.17,7,1.52
69,sujeto,1,Em1,NaN,NaN,NaN,NaN
69,traidor,1,E,2.25,1.24,7.15,1.76
69,instrucci�n,0,Em1,NaN,NaN,NaN,NaN
69,violacion,1,E,1.18,0.5,8.13,1.11
69,ba�l,0,Em1,NaN,NaN,NaN,NaN
69,morgue,1,E,2.9,1.95,6.17,1.93
69,alimento,1,Em1,NaN,NaN,NaN,NaN
69,hambruna,1,E,1.95,1.31,7.35,1.18
69,tejado,0,Em1,NaN,NaN,NaN,NaN
69,suicida,1,E,2.15,1.39,7.65,1.04
69,visitante,1,Em1,NaN,NaN,NaN,NaN
69,nazi,1,E,1.6,0.88,7.95,1.28
69,sensibilidad,0,Em1,NaN,NaN,NaN,NaN
69,sufrimiento,0,E,1.95,1.15,8.3,0.86
69,video,0,Em1,NaN,NaN,NaN,NaN
69,ceguera,0,E,2.75,1.33,6.95,1.39
69,avi�n,1,Em1,NaN,NaN,NaN,NaN
69,terrorista,1,E,1.5,0.88,7.6,1.39
69,transacci�n,1,Em1,NaN,NaN,NaN,NaN
69,sida,1,E,1.45,0.69,7.35,1.46
69,invitados,0,Em1,NaN,NaN,NaN,NaN
69,masacre,1,E,1.3,0.57,6.9,2.15
69,trama,1,Em1,NaN,NaN,NaN,NaN
69,crimen,1,E,2.15,1.17,7.9,1.17
70,atm�sfera,1,Em1,NaN,NaN,NaN,NaN
70,plaga,0,E,2.3,1.17,7,1.52
70,invitados,0,Em1,NaN,NaN,NaN,NaN
70,masacre,0,E,1.3,0.57,6.9,2.15
70,patriotismo,1,Em1,NaN,NaN,NaN,NaN
70,nazi,1,E,1.6,0.88,7.95,1.28
70,nevera,0,Em1,NaN,NaN,NaN,NaN
70,morgue,1,E,2.9,1.95,6.17,1.93
70,p�blico,1,Em1,NaN,NaN,NaN,NaN
70,terrorista,1,E,1.5,0.88,7.6,1.39
70,cr�neo,1,Em1,NaN,NaN,NaN,NaN
70,tumor,0,E,1.33,0.69,7.45,1.05
70,sol�rium,0,Em1,NaN,NaN,NaN,NaN
70,cancer,0,E,1.23,0.73,7.8,1.24
70,persona,0,Em1,NaN,NaN,NaN,NaN
70,traidor,1,E,2.25,1.24,7.15,1.76
70,nudillo,1,Em1,NaN,NaN,NaN,NaN
70,amputacion,0,E,2.1,1.17,7.1,1.45
70,andamio,0,Em1,NaN,NaN,NaN,NaN
70,suicida,0,E,2.15,1.39,7.65,1.04
70,contrato,1,Em1,NaN,NaN,NaN,NaN
70,violacion,1,E,1.18,0.5,8.13,1.11
70,escena,0,Em1,NaN,NaN,NaN,NaN
70,ceguera,1,E,2.75,1.33,6.95,1.39
70,brisa,1,Em1,NaN,NaN,NaN,NaN
70,asfixia,1,E,1.3,0.57,8,1.21
70,abogado,1,Em1,NaN,NaN,NaN,NaN
70,asesino,1,E,2.03,1.27,7.6,1.73
70,restaurante,0,Em1,NaN,NaN,NaN,NaN
70,hambruna,0,E,1.95,1.31,7.35,1.18
70,capitulo,0,Em1,NaN,NaN,NaN,NaN
70,crimen,0,E,2.15,1.17,7.9,1.17
70,cuerpo,0,Em1,NaN,NaN,NaN,NaN
70,sufrimiento,0,E,1.95,1.15,8.3,0.86
70,mensaje,1,Em1,NaN,NaN,NaN,NaN
70,sida,1,E,1.45,0.69,7.35,1.46
71,colega,0,Em1,NaN,NaN,NaN,NaN
71,traidor,0,E,2.25,1.24,7.15,1.76
71,ocupaci�n,0,Em1,NaN,NaN,NaN,NaN
71,asesino,1,E,2.03,1.27,7.6,1.73
71,dialogo,1,Em1,NaN,NaN,NaN,NaN
71,masacre,1,E,1.3,0.57,6.9,2.15
71,caj�n,0,Em1,NaN,NaN,NaN,NaN
71,morgue,0,E,2.9,1.95,6.17,1.93
71,cr�neo,0,Em1,NaN,NaN,NaN,NaN
71,tumor,1,E,1.33,0.69,7.45,1.05
71,despensa,0,Em1,NaN,NaN,NaN,NaN
71,hambruna,1,E,1.95,1.31,7.35,1.18
71,pasaporte,1,Em1,NaN,NaN,NaN,NaN
71,nazi,0,E,1.6,0.88,7.95,1.28
71,mensaje,0,Em1,NaN,NaN,NaN,NaN
71,sida,1,E,1.45,0.69,7.35,1.46
71,declaraci�n,0,Em1,NaN,NaN,NaN,NaN
71,violacion,0,E,1.18,0.5,8.13,1.11
71,aire,1,Em1,NaN,NaN,NaN,NaN
71,asfixia,1,E,1.3,0.57,8,1.21
71,altillo,0,Em1,NaN,NaN,NaN,NaN
71,suicida,1,E,2.15,1.39,7.65,1.04
71,fotograf�a,1,Em1,NaN,NaN,NaN,NaN
71,ceguera,0,E,2.75,1.33,6.95,1.39
71,historia,0,Em1,NaN,NaN,NaN,NaN
71,crimen,1,E,2.15,1.17,7.9,1.17
71,terciopelo,1,Em1,NaN,NaN,NaN,NaN
71,sufrimiento,0,E,1.95,1.15,8.3,0.86
71,metro,1,Em1,NaN,NaN,NaN,NaN
71,terrorista,0,E,1.5,0.88,7.6,1.39
71,hombro,0,Em1,NaN,NaN,NaN,NaN
71,amputacion,1,E,2.1,1.17,7.1,1.45
71,crecimiento,0,Em1,NaN,NaN,NaN,NaN
71,plaga,1,E,2.3,1.17,7,1.52
71,sol�rium,0,Em1,NaN,NaN,NaN,NaN
71,cancer,1,E,1.23,0.73,7.8,1.24
72,tr�fico,0,Em1,NaN,NaN,NaN,NaN
72,terrorista,0,E,1.5,0.88,7.6,1.39
72,pierna,0,Em1,NaN,NaN,NaN,NaN
72,amputacion,0,E,2.1,1.17,7.1,1.45
72,ficci�n,1,Em1,NaN,NaN,NaN,NaN
72,crimen,0,E,2.15,1.17,7.9,1.17
72,vida,0,Em1,NaN,NaN,NaN,NaN
72,plaga,1,E,2.3,1.17,7,1.52
72,socio,0,Em1,NaN,NaN,NaN,NaN
72,traidor,1,E,2.25,1.24,7.15,1.76
72,visado,1,Em1,NaN,NaN,NaN,NaN
72,nazi,1,E,1.6,0.88,7.95,1.28
72,caj�n,0,Em1,NaN,NaN,NaN,NaN
72,morgue,0,E,2.9,1.95,6.17,1.93
72,d�a,0,Em1,NaN,NaN,NaN,NaN
72,cancer,0,E,1.23,0.73,7.8,1.24
72,decisi�n,0,Em1,NaN,NaN,NaN,NaN
72,violacion,1,E,1.18,0.5,8.13,1.11
72,palma,1,Em1,NaN,NaN,NaN,NaN
72,sufrimiento,0,E,1.95,1.15,8.3,0.86
72,fotograf�a,0,Em1,NaN,NaN,NaN,NaN
72,ceguera,0,E,2.75,1.33,6.95,1.39
72,cerebro,1,Em1,NaN,NaN,NaN,NaN
72,tumor,1,E,1.33,0.69,7.45,1.05
72,correo,1,Em1,NaN,NaN,NaN,NaN
72,sida,1,E,1.45,0.69,7.35,1.46
72,oxigeno,0,Em1,NaN,NaN,NaN,NaN
72,asfixia,1,E,1.3,0.57,8,1.21
72,edificio,1,Em1,NaN,NaN,NaN,NaN
72,suicida,1,E,2.15,1.39,7.65,1.04
72,dialogo,0,Em1,NaN,NaN,NaN,NaN
72,masacre,1,E,1.3,0.57,6.9,2.15
72,alimento,0,Em1,NaN,NaN,NaN,NaN
72,hambruna,1,E,1.95,1.31,7.35,1.18
72,contable,0,Em1,NaN,NaN,NaN,NaN
72,asesino,0,E,2.03,1.27,7.6,1.73
73,libro,1,Em1,NaN,NaN,NaN,NaN
73,crimen,0,E,2.15,1.17,7.9,1.17
73,branquias,1,Em1,NaN,NaN,NaN,NaN
73,asfixia,1,E,1.3,0.57,8,1.21
73,aprendiz,1,Em1,NaN,NaN,NaN,NaN
73,asesino,1,E,2.03,1.27,7.6,1.73
73,nacionalidad,0,Em1,NaN,NaN,NaN,NaN
73,nazi,1,E,1.6,0.88,7.95,1.28
73,cerebro,1,Em1,NaN,NaN,NaN,NaN
73,tumor,0,E,1.33,0.69,7.45,1.05
73,aeropuerto,0,Em1,NaN,NaN,NaN,NaN
73,terrorista,1,E,1.5,0.88,7.6,1.39
73,norma,1,Em1,NaN,NaN,NaN,NaN
73,violacion,1,E,1.18,0.5,8.13,1.11
73,esplendor,0,Em1,NaN,NaN,NaN,NaN
73,cancer,0,E,1.23,0.73,7.8,1.24
73,cena,1,Em1,NaN,NaN,NaN,NaN
73,hambruna,0,E,1.95,1.31,7.35,1.18
73,nervio,0,Em1,NaN,NaN,NaN,NaN
73,sufrimiento,0,E,1.95,1.15,8.3,0.86
73,trastero,0,Em1,NaN,NaN,NaN,NaN
73,morgue,0,E,2.9,1.95,6.17,1.93
73,articulaci�n,0,Em1,NaN,NaN,NaN,NaN
73,amputacion,1,E,2.1,1.17,7.1,1.45
73,�ptica,0,Em1,NaN,NaN,NaN,NaN
73,ceguera,1,E,2.75,1.33,6.95,1.39
73,transmisi�n,0,Em1,NaN,NaN,NaN,NaN
73,sida,0,E,1.45,0.69,7.35,1.46
73,tipo,1,Em1,NaN,NaN,NaN,NaN
73,traidor,1,E,2.25,1.24,7.15,1.76
73,altura,1,Em1,NaN,NaN,NaN,NaN
73,suicida,1,E,2.15,1.39,7.65,1.04
73,invitados,0,Em1,NaN,NaN,NaN,NaN
73,masacre,0,E,1.3,0.57,6.9,2.15
73,humanidad,1,Em1,NaN,NaN,NaN,NaN
73,plaga,0,E,2.3,1.17,7,1.52
74,congreso,0,Em1,NaN,NaN,NaN,NaN
74,masacre,0,E,1.3,0.57,6.9,2.15
74,tobillo,0,Em1,NaN,NaN,NaN,NaN
74,amputacion,0,E,2.1,1.17,7.1,1.45
74,destello,0,Em1,NaN,NaN,NaN,NaN
74,cancer,1,E,1.23,0.73,7.8,1.24
74,f�sico,0,Em1,NaN,NaN,NaN,NaN
74,asesino,0,E,2.03,1.27,7.6,1.73
74,terciopelo,0,Em1,NaN,NaN,NaN,NaN
74,sufrimiento,0,E,1.95,1.15,8.3,0.86
74,vista,0,Em1,NaN,NaN,NaN,NaN
74,ceguera,0,E,2.75,1.33,6.95,1.39
74,altura,0,Em1,NaN,NaN,NaN,NaN
74,suicida,0,E,2.15,1.39,7.65,1.04
74,inhalaci�n,0,Em1,NaN,NaN,NaN,NaN
74,asfixia,0,E,1.3,0.57,8,1.21
74,teatro,0,Em1,NaN,NaN,NaN,NaN
74,terrorista,1,E,1.5,0.88,7.6,1.39
74,criatura,0,Em1,NaN,NaN,NaN,NaN
74,plaga,0,E,2.3,1.17,7,1.52
74,se�al,0,Em1,NaN,NaN,NaN,NaN
74,sida,0,E,1.45,0.69,7.35,1.46
74,permiso,0,Em1,NaN,NaN,NaN,NaN
74,violacion,0,E,1.18,0.5,8.13,1.11
74,bote,0,Em1,NaN,NaN,NaN,NaN
74,morgue,0,E,2.9,1.95,6.17,1.93
74,individuo,0,Em1,NaN,NaN,NaN,NaN
74,traidor,0,E,2.25,1.24,7.15,1.76
74,imaginaci�n,0,Em1,NaN,NaN,NaN,NaN
74,tumor,0,E,1.33,0.69,7.45,1.05
74,pasaporte,0,Em1,NaN,NaN,NaN,NaN
74,nazi,1,E,1.6,0.88,7.95,1.28
74,merienda,1,Em1,NaN,NaN,NaN,NaN
74,hambruna,0,E,1.95,1.31,7.35,1.18
74,continuaci�n,1,Em1,NaN,NaN,NaN,NaN
74,crimen,1,E,2.15,1.17,7.9,1.17
75,pensamiento,1,Em1,NaN,NaN,NaN,NaN
75,tumor,0,E,1.33,0.69,7.45,1.05
75,congregaci�n,0,Em1,NaN,NaN,NaN,NaN
75,masacre,1,E,1.3,0.57,6.9,2.15
75,eclipse,0,Em1,NaN,NaN,NaN,NaN
75,cancer,1,E,1.23,0.73,7.8,1.24
75,f�sico,0,Em1,NaN,NaN,NaN,NaN
75,asesino,0,E,2.03,1.27,7.6,1.73
75,declaraci�n,0,Em1,NaN,NaN,NaN,NaN
75,violacion,0,E,1.18,0.5,8.13,1.11
75,inmigraci�n,0,Em1,NaN,NaN,NaN,NaN
75,nazi,0,E,1.6,0.88,7.95,1.28
75,cocinero,1,Em1,NaN,NaN,NaN,NaN
75,hambruna,1,E,1.95,1.31,7.35,1.18
75,dedo,0,Em1,NaN,NaN,NaN,NaN
75,sufrimiento,1,E,1.95,1.15,8.3,0.86
75,dep�sito,0,Em1,NaN,NaN,NaN,NaN
75,morgue,0,E,2.9,1.95,6.17,1.93
75,compa�ero,1,Em1,NaN,NaN,NaN,NaN
75,traidor,1,E,2.25,1.24,7.15,1.76
75,bajada,0,Em1,NaN,NaN,NaN,NaN
75,suicida,1,E,2.15,1.39,7.65,1.04
75,evoluci�n,0,Em1,NaN,NaN,NaN,NaN
75,plaga,0,E,2.3,1.17,7,1.52
75,nudillo,0,Em1,NaN,NaN,NaN,NaN
75,amputacion,1,E,2.1,1.17,7.1,1.45
75,comunicaci�n,0,Em1,NaN,NaN,NaN,NaN
75,sida,0,E,1.45,0.69,7.35,1.46
75,libro,1,Em1,NaN,NaN,NaN,NaN
75,crimen,0,E,2.15,1.17,7.9,1.17
75,terminal,1,Em1,NaN,NaN,NaN,NaN
75,terrorista,1,E,1.5,0.88,7.6,1.39
75,vista,1,Em1,NaN,NaN,NaN,NaN
75,ceguera,1,E,2.75,1.33,6.95,1.39
75,aire,1,Em1,NaN,NaN,NaN,NaN
75,asfixia,1,E,1.3,0.57,8,1.21
