subject,Eword,Erecall,valencemean,arousalmean,Em1word,Em1recall
4,tumor,1,1.33,7.45,inteligencia,0
4,hambruna,0,1.95,7.35,desayuno,0
4,ceguera,0,2.75,6.95,cine,0
4,amputacion,1,2.1,7.1,pierna,0
4,sufrimiento,0,1.95,8.3,dedo,0
4,traidor,1,2.25,7.15,relaci�n,1
4,nazi,1,1.6,7.95,lugare�o,0
4,cancer,0,1.23,7.8,sol,0
4,masacre,0,1.3,6.9,reuni�n,0
4,asfixia,1,1.3,8,ventilaci�n,1
4,morgue,0,2.9,6.17,bote,0
4,suicida,1,2.15,7.65,balc�n,1
4,crimen,1,2.15,7.9,protagonista,1
4,violacion,0,1.18,8.13,decisi�n,0
4,plaga,0,2.3,7,humanidad,0
4,sida,0,1.45,7.35,transmisi�n,0
4,asesino,1,2.03,7.6,ingeniero,1
4,terrorista,1,1.5,7.6,terminal,0
5,suicida,1,2.15,7.65,puente,0
5,cancer,0,1.23,7.8,reflectante,0
5,asfixia,0,1.3,8,nariz,0
5,ceguera,1,2.75,6.95,�ptica,1
5,hambruna,0,1.95,7.35,cocinero,1
5,sida,1,1.45,7.35,intercambio,0
5,sufrimiento,0,1.95,8.3,dedo,0
5,asesino,1,2.03,7.6,ingeniero,1
5,violacion,0,1.18,8.13,instrucci�n,0
5,crimen,1,2.15,7.9,capitulo,0
5,traidor,0,2.25,7.15,colega,0
5,terrorista,1,1.5,7.6,encuentro,0
5,plaga,1,2.3,7,criatura,1
5,amputacion,0,2.1,7.1,brazo,0
5,masacre,1,1.3,6.9,reuni�n,1
5,nazi,1,1.6,7.95,visitante,0
5,tumor,1,1.33,7.45,neurona,1
5,morgue,0,2.9,6.17,armario,0
6,violacion,0,1.18,8.13,resoluci�n,0
6,sufrimiento,1,1.95,8.3,superficie,1
6,suicida,0,2.15,7.65,rascacielos,1
6,masacre,1,1.3,6.9,grupo,1
6,crimen,0,2.15,7.9,autor,1
6,sida,1,1.45,7.35,comunicaci�n,1
6,asfixia,1,1.3,8,soplo,0
6,traidor,1,2.25,7.15,sujeto,0
6,morgue,0,2.9,6.17,nevera,0
6,terrorista,0,1.5,7.6,aeropuerto,1
6,plaga,1,2.3,7,animal,0
6,amputacion,1,2.1,7.1,mano,1
6,hambruna,1,1.95,7.35,merienda,1
6,asesino,0,2.03,7.6,qu�mico,1
6,nazi,1,1.6,7.95,inmigraci�n,0
6,cancer,1,1.23,7.8,luz,1
6,tumor,1,1.33,7.45,pensamiento,1
6,ceguera,0,2.75,6.95,mirada,0
7,nazi,0,1.6,7.95,visado,1
7,terrorista,0,1.5,7.6,tr�fico,0
7,asfixia,0,1.3,8,boca,0
7,asesino,0,2.03,7.6,empleo,0
7,sida,1,1.45,7.35,intercambio,0
7,ceguera,0,2.75,6.95,observador,1
7,tumor,0,1.33,7.45,pensamiento,1
7,masacre,1,1.3,6.9,simposio,1
7,crimen,0,2.15,7.9,historia,1
7,traidor,1,2.25,7.15,relaci�n,1
7,violacion,1,1.18,8.13,instrucci�n,0
7,hambruna,1,1.95,7.35,cocina,1
7,cancer,0,1.23,7.8,luz,0
7,plaga,0,2.3,7,humanidad,0
7,suicida,1,2.15,7.65,andamio,0
7,amputacion,1,2.1,7.1,mu�eca,0
7,sufrimiento,0,1.95,8.3,piel,1
9,violacion,1,1.18,8.13,cumplimiento,0
9,plaga,0,2.3,7,animal,0
9,cancer,1,1.23,7.8,chispa,1
9,morgue,1,2.9,6.17,trastero,0
9,nazi,1,1.6,7.95,nacionalidad,1
9,asesino,0,2.03,7.6,actor,0
9,tumor,1,1.33,7.45,neurona,1
9,ceguera,1,2.75,6.95,panorama,0
9,hambruna,1,1.95,7.35,buffet,0
9,masacre,1,1.3,6.9,simposio,1
9,asfixia,0,1.3,8,brisa,0
9,sufrimiento,0,1.95,8.3,nervio,0
9,amputacion,1,2.1,7.1,brazo,1
9,traidor,1,2.25,7.15,ser,1
9,suicida,0,2.15,7.65,bajada,0
9,sida,1,1.45,7.35,comunicaci�n,1
9,terrorista,1,1.5,7.6,concierto,0
9,crimen,1,2.15,7.9,ficci�n,1
10,suicida,1,2.15,7.65,balc�n,1
10,cancer,1,1.23,7.8,eclipse,1
10,plaga,0,2.3,7,animal,0
10,sufrimiento,0,1.95,8.3,nervio,0
10,terrorista,1,1.5,7.6,estadio,1
10,amputacion,1,2.1,7.1,articulaci�n,0
10,morgue,1,2.9,6.17,consigna,0
10,crimen,0,2.15,7.9,novela,1
10,violacion,1,1.18,8.13,norma,1
10,tumor,1,1.33,7.45,filosof�a,0
10,hambruna,1,1.95,7.35,restaurante,0
10,masacre,0,1.3,6.9,gente,0
10,nazi,1,1.6,7.95,inmigraci�n,1
10,sida,1,1.45,7.35,emisor,0
10,asfixia,0,1.3,8,inhalaci�n,0
10,asesino,1,2.03,7.6,profesi�n,0
10,traidor,1,2.25,7.15,individuo,0
10,ceguera,0,2.75,6.95,ojeada,0
11,asesino,1,2.03,7.6,contable,0
11,asfixia,0,1.3,8,nariz,0
11,terrorista,1,1.5,7.6,estadio,0
11,sida,1,1.45,7.35,transmisi�n,1
11,plaga,0,2.3,7,paisaje,0
11,crimen,1,2.15,7.9,novela,1
11,amputacion,1,2.1,7.1,pantorrilla,0
11,masacre,1,1.3,6.9,asociaci�n,0
11,tumor,1,1.33,7.45,inteligencia,1
11,cancer,1,1.23,7.8,reflectante,1
11,hambruna,1,1.95,7.35,cena,1
11,nazi,1,1.6,7.95,viaje,1
11,morgue,1,2.9,6.17,casillero,0
11,suicida,1,2.15,7.65,rascacielos,1
11,sufrimiento,1,1.95,8.3,cuerpo,1
11,traidor,1,2.25,7.15,individuo,0
11,ceguera,0,2.75,6.95,ojo,0
11,violacion,1,1.18,8.13,regla,0
12,hambruna,1,1.95,7.35,almuerzo,1
12,morgue,1,2.9,6.17,trastero,1
12,sida,1,1.45,7.35,transacci�n,1
12,violacion,0,1.18,8.13,contrato,0
12,asfixia,1,1.3,8,pulm�n,1
12,asesino,1,2.03,7.6,actor,1
12,nazi,1,1.6,7.95,nacionalidad,1
12,crimen,0,2.15,7.9,texto,0
12,plaga,0,2.3,7,evoluci�n,1
12,masacre,1,1.3,6.9,concurrencia,1
12,sufrimiento,1,1.95,8.3,dedo,0
12,cancer,1,1.23,7.8,energ�a,0
12,ceguera,1,2.75,6.95,ojo,0
12,traidor,1,2.25,7.15,persona,0
12,tumor,1,1.33,7.45,raz�n,1
12,suicida,1,2.15,7.65,andamio,1
12,terrorista,1,1.5,7.6,estaci�n,1
12,amputacion,1,2.1,7.1,cadera,0
14,sufrimiento,0,1.95,8.3,piel,0
14,masacre,1,1.3,6.9,asociaci�n,0
14,terrorista,1,1.5,7.6,metro,1
14,hambruna,0,1.95,7.35,merienda,0
14,morgue,1,2.9,6.17,caj�n,0
14,asesino,1,2.03,7.6,aprendiz,1
14,asfixia,1,1.3,8,viento,1
14,nazi,1,1.6,7.95,cultura,0
14,amputacion,1,2.1,7.1,pierna,1
14,tumor,1,1.33,7.45,ingenio,0
14,traidor,1,2.25,7.15,colega,1
14,ceguera,0,2.75,6.95,video,1
14,violacion,1,1.18,8.13,resoluci�n,0
14,sida,0,1.45,7.35,transferencia,0
14,suicida,1,2.15,7.65,puente,0
14,crimen,1,2.15,7.9,capitulo,1
14,plaga,1,2.3,7,atm�sfera,1
14,cancer,1,1.23,7.8,reflectante,0
15,morgue,1,2.9,6.17,casillero,0
15,sida,1,1.45,7.35,importaci�n,0
15,asesino,1,2.03,7.6,actor,1
15,hambruna,1,1.95,7.35,desayuno,1
15,cancer,1,1.23,7.8,destello,1
15,tumor,1,1.33,7.45,cerebro,1
15,violacion,1,1.18,8.13,contrato,0
15,suicida,1,2.15,7.65,tejado,0
15,plaga,0,2.3,7,atm�sfera,0
15,nazi,1,1.6,7.95,visado,0
15,terrorista,0,1.5,7.6,tr�fico,1
15,ceguera,1,2.75,6.95,fotograf�a,0
15,masacre,1,1.3,6.9,asamblea,0
15,crimen,0,2.15,7.9,historia,0
15,amputacion,1,2.1,7.1,nudillo,0
15,traidor,1,2.25,7.15,relaci�n,1
15,sufrimiento,1,1.95,8.3,nervio,1
15,asfixia,1,1.3,8,branquias,1
16,traidor,0,2.25,7.15,mujer,0
16,suicida,1,2.15,7.65,andamio,0
16,ceguera,0,2.75,6.95,ojeada,0
16,masacre,0,1.3,6.9,gente,0
16,asesino,0,2.03,7.6,vocaci�n,0
16,amputacion,1,2.1,7.1,mu�eca,1
16,crimen,1,2.15,7.9,historia,1
16,sida,1,1.45,7.35,emisor,0
16,terrorista,1,1.5,7.6,pasajero,0
16,morgue,1,2.9,6.17,almac�n,1
16,sufrimiento,1,1.95,8.3,cuerpo,0
16,tumor,1,1.33,7.45,mente,0
16,hambruna,1,1.95,7.35,alimento,0
16,plaga,1,2.3,7,universo,1
16,asfixia,0,1.3,8,respiraci�n,1
16,cancer,0,1.23,7.8,reflectante,0
16,violacion,1,1.18,8.13,declaraci�n,0
16,nazi,1,1.6,7.95,visado,0
17,asfixia,1,1.3,8,nariz,0
17,nazi,1,1.6,7.95,visado,1
17,asesino,0,2.03,7.6,abogado,1
17,tumor,0,1.33,7.45,cerebro,1
17,amputacion,1,2.1,7.1,mu�eca,1
17,suicida,0,2.15,7.65,rascacielos,1
17,plaga,0,2.3,7,campo,0
17,morgue,1,2.9,6.17,bote,0
17,masacre,1,1.3,6.9,concentraci�n,0
17,sida,1,1.45,7.35,transferencia,1
17,hambruna,1,1.95,7.35,restaurante,0
17,traidor,0,2.25,7.15,hombre,0
17,cancer,0,1.23,7.8,sol,1
17,violacion,0,1.18,8.13,resoluci�n,1
17,sufrimiento,1,1.95,8.3,sensibilidad,1
17,crimen,0,2.15,7.9,capitulo,0
17,terrorista,1,1.5,7.6,estaci�n,1
17,ceguera,0,2.75,6.95,�ptica,0
18,morgue,1,2.9,6.17,dep�sito,0
18,terrorista,1,1.5,7.6,estaci�n,1
18,amputacion,1,2.1,7.1,muslo,1
18,tumor,1,1.33,7.45,meditaci�n,1
18,suicida,1,2.15,7.65,brinco,0
18,nazi,0,1.6,7.95,pasaporte,1
18,asfixia,1,1.3,8,soplo,0
18,sida,1,1.45,7.35,importaci�n,1
18,plaga,0,2.3,7,ambiente,0
18,ceguera,1,2.75,6.95,lupa,0
18,violacion,1,1.18,8.13,resoluci�n,0
18,sufrimiento,1,1.95,8.3,terciopelo,1
18,traidor,1,2.25,7.15,persona,0
18,cancer,1,1.23,7.8,luz,1
18,masacre,1,1.3,6.9,grupo,1
18,crimen,1,2.15,7.9,texto,1
18,hambruna,1,1.95,7.35,cena,1
18,asesino,1,2.03,7.6,ocupaci�n,1
19,sida,0,1.45,7.35,emisor,0
19,masacre,0,1.3,6.9,congreso,0
19,asfixia,0,1.3,8,oxigeno,0
19,amputacion,1,2.1,7.1,muslo,0
19,suicida,1,2.15,7.65,cima,0
19,violacion,1,1.18,8.13,regla,0
19,sufrimiento,0,1.95,8.3,contacto,0
19,asesino,1,2.03,7.6,f�sico,0
19,traidor,1,2.25,7.15,mujer,1
19,ceguera,0,2.75,6.95,escena,0
19,crimen,0,2.15,7.9,protagonista,0
19,tumor,1,1.33,7.45,cr�neo,1
19,terrorista,1,1.5,7.6,metro,1
19,plaga,0,2.3,7,crecimiento,0
19,hambruna,0,1.95,7.35,sopa,0
19,nazi,1,1.6,7.95,nacionalidad,1
19,cancer,1,1.23,7.8,esplendor,0
19,morgue,0,2.9,6.17,envase,0
20,violacion,1,1.18,8.13,cumplimiento,0
20,masacre,0,1.3,6.9,asamblea,1
20,asfixia,1,1.3,8,respiraci�n,1
20,traidor,0,2.25,7.15,ser,0
20,morgue,0,2.9,6.17,almac�n,1
20,plaga,0,2.3,7,planeta,0
20,sida,1,1.45,7.35,importaci�n,0
20,hambruna,1,1.95,7.35,cocinero,1
20,suicida,1,2.15,7.65,andamio,1
20,terrorista,1,1.5,7.6,concierto,0
20,cancer,1,1.23,7.8,destello,1
20,ceguera,0,2.75,6.95,ojo,0
20,nazi,0,1.6,7.95,originario,1
20,sufrimiento,1,1.95,8.3,piel,0
20,amputacion,1,2.1,7.1,mano,1
20,crimen,1,2.15,7.9,ficci�n,1
20,tumor,0,1.33,7.45,cr�neo,1
20,asesino,0,2.03,7.6,vocaci�n,0
21,hambruna,0,1.95,7.35,cena,1
21,amputacion,1,2.1,7.1,brazo,1
21,nazi,1,1.6,7.95,idioma,1
21,crimen,0,2.15,7.9,cuento,1
21,sida,0,1.45,7.35,mensaje,0
21,suicida,1,2.15,7.65,cima,1
21,tumor,0,1.33,7.45,cr�neo,1
21,asfixia,1,1.3,8,ventilaci�n,0
21,violacion,1,1.18,8.13,regla,0
21,traidor,0,2.25,7.15,ser,0
21,plaga,1,2.3,7,criatura,0
21,sufrimiento,1,1.95,8.3,sensibilidad,1
21,morgue,1,2.9,6.17,envase,1
21,masacre,1,1.3,6.9,simposio,0
21,terrorista,0,1.5,7.6,tr�fico,0
21,asesino,0,2.03,7.6,contable,1
21,ceguera,0,2.75,6.95,panorama,0
21,cancer,1,1.23,7.8,amanecer,1
22,asfixia,0,1.3,8,respiraci�n,0
22,morgue,1,2.9,6.17,trastero,0
22,nazi,1,1.6,7.95,inmigraci�n,1
22,traidor,1,2.25,7.15,mujer,1
22,masacre,1,1.3,6.9,asamblea,0
22,asesino,1,2.03,7.6,banquero,1
22,crimen,0,2.15,7.9,historia,0
22,tumor,1,1.33,7.45,cr�neo,1
22,hambruna,0,1.95,7.35,bocata,0
22,sufrimiento,1,1.95,8.3,dedo,1
22,sida,1,1.45,7.35,se�al,1
22,ceguera,0,2.75,6.95,�ptica,1
22,amputacion,1,2.1,7.1,codo,1
22,terrorista,0,1.5,7.6,concierto,1
22,violacion,1,1.18,8.13,norma,0
22,plaga,1,2.3,7,universo,1
22,suicida,1,2.15,7.65,andamio,1
22,cancer,1,1.23,7.8,luminoso,1
23,hambruna,1,1.95,7.35,cocina,0
23,violacion,1,1.18,8.13,resoluci�n,0
23,traidor,1,2.25,7.15,individuo,0
23,cancer,1,1.23,7.8,sol,1
23,plaga,0,2.3,7,evoluci�n,1
23,morgue,1,2.9,6.17,almac�n,1
23,sida,1,1.45,7.35,transacci�n,0
23,amputacion,1,2.1,7.1,brazo,1
23,sufrimiento,0,1.95,8.3,contacto,0
23,asfixia,0,1.3,8,brisa,0
23,terrorista,0,1.5,7.6,pasajero,0
23,crimen,0,2.15,7.9,continuaci�n,0
23,masacre,0,1.3,6.9,reuni�n,0
23,nazi,0,1.6,7.95,pasaporte,0
23,suicida,0,2.15,7.65,torre,0
23,ceguera,0,2.75,6.95,escena,0
23,tumor,0,1.33,7.45,raz�n,0
23,asesino,0,2.03,7.6,banquero,0
24,asesino,0,2.03,7.6,f�sico,1
24,nazi,0,1.6,7.95,extranjero,0
24,suicida,1,2.15,7.65,tejado,1
24,ceguera,0,2.75,6.95,mirada,0
24,hambruna,1,1.95,7.35,merienda,1
24,morgue,0,2.9,6.17,caj�n,0
24,amputacion,1,2.1,7.1,hombro,1
24,crimen,0,2.15,7.9,novela,1
24,sida,1,1.45,7.35,receptor,1
24,cancer,0,1.23,7.8,d�a,0
24,violacion,1,1.18,8.13,legislaci�n,0
24,plaga,1,2.3,7,crecimiento,0
24,sufrimiento,1,1.95,8.3,piel,1
24,masacre,1,1.3,6.9,asamblea,1
24,tumor,1,1.33,7.45,cr�neo,1
24,asfixia,0,1.3,8,ventilaci�n,0
24,traidor,0,2.25,7.15,tipo,0
24,terrorista,0,1.5,7.6,estaci�n,0
25,amputacion,0,2.1,7.1,codo,1
25,plaga,0,2.3,7,ambiente,0
25,traidor,1,2.25,7.15,ser,1
25,cancer,0,1.23,7.8,chispa,0
25,suicida,0,2.15,7.65,torre,0
25,ceguera,0,2.75,6.95,observador,0
25,terrorista,1,1.5,7.6,festival,0
25,hambruna,1,1.95,7.35,buffet,0
25,sida,1,1.45,7.35,emisor,1
25,crimen,0,2.15,7.9,ficci�n,0
25,sufrimiento,0,1.95,8.3,roce,0
25,nazi,1,1.6,7.95,pasaporte,1
25,asfixia,1,1.3,8,aire,1
25,violacion,1,1.18,8.13,permiso,1
25,masacre,1,1.3,6.9,reuni�n,0
25,asesino,1,2.03,7.6,contable,1
25,tumor,0,1.33,7.45,pensamiento,0
25,morgue,1,2.9,6.17,dep�sito,0
26,ceguera,0,2.75,6.95,observador,0
26,sufrimiento,1,1.95,8.3,nervio,0
26,masacre,0,1.3,6.9,asamblea,0
26,amputacion,0,2.1,7.1,extremidad,0
26,crimen,1,2.15,7.9,biograf�a,1
26,hambruna,1,1.95,7.35,bocata,0
26,morgue,0,2.9,6.17,dep�sito,1
26,violacion,0,1.18,8.13,permiso,0
26,asesino,0,2.03,7.6,empleo,0
26,terrorista,1,1.5,7.6,p�blico,0
26,nazi,1,1.6,7.95,natal,0
26,plaga,0,2.3,7,crecimiento,1
26,asfixia,0,1.3,8,boca,0
26,tumor,0,1.33,7.45,inteligencia,0
26,suicida,1,2.15,7.65,brinco,0
26,traidor,0,2.25,7.15,ser,0
26,sida,1,1.45,7.35,transmisi�n,1
26,cancer,1,1.23,7.8,d�a,1
27,hambruna,0,1.95,7.35,cocina,0
27,sufrimiento,1,1.95,8.3,sensibilidad,0
27,amputacion,0,2.1,7.1,extremidad,0
27,plaga,1,2.3,7,humanidad,1
27,terrorista,1,1.5,7.6,estaci�n,0
27,ceguera,1,2.75,6.95,escena,0
27,sida,1,1.45,7.35,destinatario,1
27,asesino,1,2.03,7.6,vocaci�n,1
27,cancer,0,1.23,7.8,d�a,1
27,violacion,1,1.18,8.13,contrato,1
27,crimen,1,2.15,7.9,continuaci�n,0
27,suicida,1,2.15,7.65,ventana,1
27,morgue,1,2.9,6.17,caja,0
27,tumor,1,1.33,7.45,cr�neo,1
27,traidor,1,2.25,7.15,sujeto,1
27,asfixia,1,1.3,8,pulm�n,0
27,nazi,1,1.6,7.95,inmigraci�n,0
27,masacre,0,1.3,6.9,grupo,0
28,violacion,0,1.18,8.13,declaraci�n,0
28,sida,1,1.45,7.35,intercambio,1
28,cancer,1,1.23,7.8,destello,0
28,plaga,1,2.3,7,criatura,1
28,nazi,1,1.6,7.95,originario,0
28,amputacion,1,2.1,7.1,mano,0
28,sufrimiento,0,1.95,8.3,roce,0
28,morgue,1,2.9,6.17,bote,0
28,traidor,0,2.25,7.15,individuo,1
28,terrorista,1,1.5,7.6,metro,1
28,crimen,1,2.15,7.9,protagonista,1
28,tumor,0,1.33,7.45,inteligencia,1
28,masacre,0,1.3,6.9,reuni�n,0
28,ceguera,0,2.75,6.95,ojeada,1
28,hambruna,1,1.95,7.35,alimento,0
28,suicida,1,2.15,7.65,puente,0
28,asfixia,0,1.3,8,pulm�n,1
28,asesino,1,2.03,7.6,ingeniero,1
29,hambruna,0,1.95,7.35,despensa,0
29,cancer,0,1.23,7.8,energ�a,0
29,sida,1,1.45,7.35,mensaje,1
29,nazi,1,1.6,7.95,extranjero,0
29,tumor,1,1.33,7.45,meditaci�n,0
29,terrorista,1,1.5,7.6,metro,0
29,morgue,1,2.9,6.17,contenedor,0
29,suicida,1,2.15,7.65,andamio,0
29,masacre,1,1.3,6.9,asamblea,1
29,traidor,1,2.25,7.15,ser,1
29,ceguera,0,2.75,6.95,ojo,1
29,crimen,1,2.15,7.9,libro,1
29,violacion,1,1.18,8.13,decisi�n,0
29,plaga,1,2.3,7,animal,1
29,asfixia,1,1.3,8,vapor,0
29,sufrimiento,1,1.95,8.3,piel,0
29,amputacion,1,2.1,7.1,articulaci�n,0
29,asesino,0,2.03,7.6,ocupaci�n,0
30,hambruna,0,1.95,7.35,bocata,0
30,amputacion,0,2.1,7.1,extremidad,0
30,ceguera,1,2.75,6.95,fotograf�a,0
30,sida,1,1.45,7.35,receptor,1
30,plaga,0,2.3,7,universo,0
30,cancer,1,1.23,7.8,eclipse,0
30,traidor,0,2.25,7.15,acompa�ante,0
30,terrorista,1,1.5,7.6,avi�n,0
30,violacion,1,1.18,8.13,cumplimiento,1
30,masacre,0,1.3,6.9,congregaci�n,0
30,asesino,1,2.03,7.6,empleo,0
30,morgue,0,2.9,6.17,dep�sito,0
30,nazi,1,1.6,7.95,lugare�o,0
30,sufrimiento,0,1.95,8.3,piel,1
30,asfixia,1,1.3,8,branquias,1
30,tumor,0,1.33,7.45,cr�neo,0
30,suicida,0,2.15,7.65,edificio,0
30,crimen,0,2.15,7.9,libro,0
31,violacion,1,1.18,8.13,norma,1
31,sida,1,1.45,7.35,fuente,0
31,terrorista,1,1.5,7.6,festival,1
31,sufrimiento,1,1.95,8.3,contacto,0
31,crimen,1,2.15,7.9,libro,0
31,cancer,1,1.23,7.8,sol�rium,1
31,tumor,0,1.33,7.45,inteligencia,0
31,suicida,1,2.15,7.65,torre,1
31,ceguera,1,2.75,6.95,video,0
31,plaga,1,2.3,7,crecimiento,1
31,asfixia,1,1.3,8,oxigeno,1
31,hambruna,1,1.95,7.35,bocata,0
31,traidor,1,2.25,7.15,tipo,1
31,morgue,0,2.9,6.17,caj�n,1
31,nazi,1,1.6,7.95,pasaporte,1
31,amputacion,0,2.1,7.1,articulaci�n,0
31,masacre,0,1.3,6.9,congreso,0
31,asesino,0,2.03,7.6,empleo,0
32,amputacion,1,2.1,7.1,muslo,1
32,asesino,0,2.03,7.6,profesi�n,1
32,crimen,1,2.15,7.9,continuaci�n,0
32,sufrimiento,0,1.95,8.3,terciopelo,1
32,sida,0,1.45,7.35,transferencia,1
32,ceguera,0,2.75,6.95,visi�n,1
32,masacre,1,1.3,6.9,concurrencia,1
32,traidor,1,2.25,7.15,mujer,0
32,morgue,1,2.9,6.17,caja,1
32,asfixia,0,1.3,8,branquias,0
32,suicida,1,2.15,7.65,altillo,0
32,hambruna,0,1.95,7.35,desayuno,1
32,violacion,1,1.18,8.13,pauta,0
32,cancer,1,1.23,7.8,energ�a,1
32,plaga,1,2.3,7,crecimiento,1
32,terrorista,1,1.5,7.6,p�blico,0
32,nazi,1,1.6,7.95,patriotismo,0
32,tumor,1,1.33,7.45,cabeza,1
33,ceguera,1,2.75,6.95,�ptica,0
33,sufrimiento,1,1.95,8.3,piel,0
33,asesino,0,2.03,7.6,banquero,0
33,masacre,1,1.3,6.9,asociaci�n,1
33,nazi,1,1.6,7.95,cultura,0
33,suicida,1,2.15,7.65,tejado,1
33,crimen,1,2.15,7.9,protagonista,1
33,sida,1,1.45,7.35,transmisi�n,0
33,violacion,1,1.18,8.13,pauta,0
33,cancer,1,1.23,7.8,luz,1
33,morgue,1,2.9,6.17,almac�n,0
33,amputacion,0,2.1,7.1,extremidad,0
33,asfixia,1,1.3,8,respiraci�n,1
33,terrorista,0,1.5,7.6,estadio,1
33,hambruna,1,1.95,7.35,despensa,1
33,plaga,0,2.3,7,crecimiento,0
33,traidor,1,2.25,7.15,individuo,0
33,tumor,1,1.33,7.45,imaginaci�n,1
34,crimen,0,2.15,7.9,ficci�n,1
34,ceguera,0,2.75,6.95,lupa,0
34,terrorista,1,1.5,7.6,concierto,1
34,morgue,1,2.9,6.17,caja,1
34,violacion,1,1.18,8.13,regla,1
34,amputacion,1,2.1,7.1,muslo,0
34,sida,0,1.45,7.35,fuente,0
34,masacre,0,1.3,6.9,dialogo,1
34,tumor,1,1.33,7.45,cabeza,1
34,sufrimiento,1,1.95,8.3,sensibilidad,0
34,suicida,1,2.15,7.65,brinco,1
34,nazi,1,1.6,7.95,natal,0
34,asfixia,0,1.3,8,inhalaci�n,0
34,hambruna,0,1.95,7.35,buffet,0
34,plaga,1,2.3,7,planeta,1
34,traidor,1,2.25,7.15,ser,1
34,cancer,1,1.23,7.8,energ�a,1
34,asesino,1,2.03,7.6,banquero,1
35,ceguera,1,2.75,6.95,video,0
35,crimen,1,2.15,7.9,capitulo,0
35,suicida,1,2.15,7.65,andamio,1
35,hambruna,0,1.95,7.35,comida,0
35,traidor,1,2.25,7.15,relaci�n,1
35,sufrimiento,1,1.95,8.3,sensibilidad,0
35,asesino,0,2.03,7.6,qu�mico,0
35,cancer,1,1.23,7.8,energ�a,0
35,nazi,1,1.6,7.95,originario,0
35,violacion,0,1.18,8.13,declaraci�n,0
35,tumor,1,1.33,7.45,cerebro,1
35,sida,1,1.45,7.35,importaci�n,0
35,terrorista,1,1.5,7.6,encuentro,0
35,plaga,0,2.3,7,vida,0
35,amputacion,1,2.1,7.1,extremidad,0
35,morgue,1,2.9,6.17,envase,1
35,asfixia,1,1.3,8,vapor,1
35,masacre,0,1.3,6.9,simposio,1
36,terrorista,1,1.5,7.6,aeropuerto,0
36,masacre,1,1.3,6.9,congregaci�n,1
36,sufrimiento,1,1.95,8.3,vibraci�n,1
36,traidor,0,2.25,7.15,compa�ero,1
36,asesino,1,2.03,7.6,actor,1
36,plaga,0,2.3,7,planeta,0
36,amputacion,0,2.1,7.1,extremidad,0
36,nazi,1,1.6,7.95,viaje,1
36,hambruna,1,1.95,7.35,buffet,1
36,morgue,0,2.9,6.17,nevera,0
36,asfixia,1,1.3,8,brisa,0
36,cancer,1,1.23,7.8,luminoso,0
36,ceguera,1,2.75,6.95,�ptica,0
36,violacion,1,1.18,8.13,norma,1
36,sida,0,1.45,7.35,receptor,1
36,suicida,1,2.15,7.65,ventana,1
36,tumor,0,1.33,7.45,imaginaci�n,0
36,crimen,0,2.15,7.9,texto,1
37,morgue,1,2.9,6.17,nevera,0
37,traidor,1,2.25,7.15,colega,1
37,nazi,1,1.6,7.95,viaje,1
37,sida,1,1.45,7.35,fuente,0
37,cancer,0,1.23,7.8,destello,0
37,asfixia,1,1.3,8,nariz,1
37,asesino,0,2.03,7.6,profesi�n,1
37,amputacion,1,2.1,7.1,brazo,1
37,plaga,1,2.3,7,ambiente,0
37,terrorista,0,1.5,7.6,encuentro,0
37,hambruna,1,1.95,7.35,buffet,1
37,tumor,1,1.33,7.45,inteligencia,0
37,crimen,0,2.15,7.9,biograf�a,0
37,suicida,1,2.15,7.65,cima,1
37,violacion,0,1.18,8.13,contrato,0
37,ceguera,1,2.75,6.95,ojo,1
37,masacre,1,1.3,6.9,gente,1
37,sufrimiento,0,1.95,8.3,sensibilidad,0
38,ceguera,0,2.75,6.95,fotograf�a,1
38,crimen,0,2.15,7.9,editor,0
38,terrorista,1,1.5,7.6,estaci�n,1
38,asesino,1,2.03,7.6,ocupaci�n,0
38,masacre,0,1.3,6.9,asociaci�n,0
38,tumor,0,1.33,7.45,inteligencia,1
38,suicida,1,2.15,7.65,balc�n,1
38,sida,1,1.45,7.35,se�al,0
38,hambruna,1,1.95,7.35,restaurante,0
38,asfixia,1,1.3,8,inhalaci�n,0
38,amputacion,0,2.1,7.1,extremidad,1
38,violacion,1,1.18,8.13,declaraci�n,1
38,plaga,0,2.3,7,ambiente,0
38,sufrimiento,0,1.95,8.3,dedo,1
38,cancer,1,1.23,7.8,d�a,0
38,nazi,1,1.6,7.95,idioma,0
38,traidor,0,2.25,7.15,individuo,0
38,morgue,1,2.9,6.17,ba�l,1
39,suicida,1,2.15,7.65,altura,0
39,ceguera,1,2.75,6.95,�ptica,0
39,plaga,0,2.3,7,universo,1
39,violacion,1,1.18,8.13,permiso,0
39,crimen,1,2.15,7.9,historia,1
39,tumor,1,1.33,7.45,creatividad,1
39,sufrimiento,1,1.95,8.3,sensaci�n,0
39,masacre,1,1.3,6.9,comunidad,0
39,terrorista,0,1.5,7.6,aeropuerto,1
39,traidor,1,2.25,7.15,dama,0
39,asfixia,0,1.3,8,ventilaci�n,0
39,hambruna,1,1.95,7.35,restaurante,0
39,morgue,1,2.9,6.17,trastero,0
39,asesino,1,2.03,7.6,profesi�n,1
39,nazi,1,1.6,7.95,cultura,1
39,amputacion,1,2.1,7.1,mu�eca,1
39,cancer,0,1.23,7.8,eclipse,0
39,sida,1,1.45,7.35,comunicaci�n,0
40,amputacion,1,2.1,7.1,pierna,0
40,nazi,1,1.6,7.95,pasaporte,1
40,cancer,0,1.23,7.8,amanecer,1
40,morgue,1,2.9,6.17,almac�n,1
40,suicida,0,2.15,7.65,torre,0
40,asesino,1,2.03,7.6,vocaci�n,1
40,violacion,0,1.18,8.13,declaraci�n,1
40,masacre,1,1.3,6.9,concurrencia,1
40,crimen,0,2.15,7.9,trama,0
40,hambruna,1,1.95,7.35,buffet,1
40,tumor,1,1.33,7.45,filosof�a,0
40,plaga,1,2.3,7,campo,0
40,sufrimiento,1,1.95,8.3,palma,1
40,ceguera,1,2.75,6.95,cine,1
40,traidor,1,2.25,7.15,compa�ero,1
40,asfixia,1,1.3,8,aire,0
40,sida,1,1.45,7.35,mensaje,1
40,terrorista,0,1.5,7.6,encuentro,0
41,traidor,1,2.25,7.15,socio,1
41,hambruna,1,1.95,7.35,comida,0
41,sida,1,1.45,7.35,fuente,0
41,suicida,1,2.15,7.65,rascacielos,1
41,tumor,1,1.33,7.45,filosof�a,1
41,asesino,0,2.03,7.6,contable,0
41,masacre,1,1.3,6.9,concurrencia,1
41,ceguera,0,2.75,6.95,observador,1
41,crimen,1,2.15,7.9,trama,1
41,plaga,0,2.3,7,ambiente,0
41,amputacion,1,2.1,7.1,codo,0
41,cancer,1,1.23,7.8,amanecer,0
41,violacion,1,1.18,8.13,decisi�n,0
41,sufrimiento,0,1.95,8.3,piel,1
41,terrorista,1,1.5,7.6,festival,0
41,nazi,0,1.6,7.95,visitante,1
41,morgue,1,2.9,6.17,dep�sito,1
41,asfixia,1,1.3,8,viento,0
42,suicida,1,2.15,7.65,altura,1
42,terrorista,1,1.5,7.6,teatro,1
42,cancer,1,1.23,7.8,esplendor,0
42,hambruna,1,1.95,7.35,cocina,0
42,sida,1,1.45,7.35,transferencia,1
42,masacre,1,1.3,6.9,congregaci�n,1
42,ceguera,1,2.75,6.95,escena,0
42,nazi,1,1.6,7.95,originario,1
42,amputacion,1,2.1,7.1,cadera,0
42,crimen,1,2.15,7.9,biograf�a,0
42,violacion,0,1.18,8.13,consenso,0
42,plaga,0,2.3,7,ambiente,0
42,traidor,0,2.25,7.15,tipo,1
42,sufrimiento,1,1.95,8.3,cuerpo,1
42,morgue,1,2.9,6.17,caja,0
42,asfixia,1,1.3,8,nariz,1
42,asesino,0,2.03,7.6,banquero,0
42,tumor,1,1.33,7.45,cerebro,1
43,nazi,1,1.6,7.95,idioma,0
43,asesino,0,2.03,7.6,banquero,1
43,asfixia,1,1.3,8,aire,1
43,morgue,1,2.9,6.17,ba�l,1
43,violacion,1,1.18,8.13,consenso,1
43,sufrimiento,0,1.95,8.3,dedo,0
43,suicida,1,2.15,7.65,altura,1
43,crimen,1,2.15,7.9,trama,1
43,ceguera,0,2.75,6.95,�ptica,0
43,amputacion,1,2.1,7.1,muslo,0
43,terrorista,1,1.5,7.6,tr�fico,0
43,traidor,1,2.25,7.15,mujer,0
43,masacre,1,1.3,6.9,comunidad,1
43,cancer,0,1.23,7.8,sol�rium,0
43,tumor,1,1.33,7.45,raz�n,0
43,hambruna,0,1.95,7.35,cena,1
43,plaga,0,2.3,7,universo,0
44,amputacion,0,2.1,7.1,brazo,0
44,hambruna,1,1.95,7.35,despensa,0
44,traidor,1,2.25,7.15,colega,0
44,tumor,0,1.33,7.45,pensamiento,1
44,cancer,0,1.23,7.8,destello,0
44,terrorista,1,1.5,7.6,metro,1
44,asfixia,1,1.3,8,aire,0
44,ceguera,0,2.75,6.95,vista,0
44,morgue,0,2.9,6.17,contenedor,0
44,plaga,0,2.3,7,planeta,1
44,sufrimiento,0,1.95,8.3,sensaci�n,0
44,violacion,0,1.18,8.13,ley,0
44,suicida,0,2.15,7.65,torre,0
44,crimen,0,2.15,7.9,novela,1
44,masacre,0,1.3,6.9,gente,0
44,nazi,1,1.6,7.95,originario,0
44,sida,1,1.45,7.35,fuente,1
44,asesino,1,2.03,7.6,profesi�n,1
45,sida,1,1.45,7.35,fuente,0
45,suicida,1,2.15,7.65,balc�n,1
45,crimen,0,2.15,7.9,editor,0
45,hambruna,0,1.95,7.35,sopa,0
45,asesino,1,2.03,7.6,actor,0
45,plaga,1,2.3,7,paisaje,0
45,sufrimiento,0,1.95,8.3,vibraci�n,0
45,traidor,0,2.25,7.15,ser,0
45,tumor,1,1.33,7.45,cerebro,1
45,asfixia,1,1.3,8,inhalaci�n,0
45,ceguera,1,2.75,6.95,cine,1
45,terrorista,0,1.5,7.6,estaci�n,1
45,violacion,1,1.18,8.13,contrato,0
45,nazi,1,1.6,7.95,natal,0
45,morgue,1,2.9,6.17,armario,0
45,masacre,1,1.3,6.9,congreso,1
45,amputacion,1,2.1,7.1,pantorrilla,0
45,cancer,1,1.23,7.8,chispa,0
46,ceguera,1,2.75,6.95,fotograf�a,0
46,hambruna,0,1.95,7.35,despensa,0
46,masacre,0,1.3,6.9,dialogo,0
46,sida,1,1.45,7.35,receptor,1
46,sufrimiento,0,1.95,8.3,textura,1
46,suicida,1,2.15,7.65,andamio,0
46,asesino,1,2.03,7.6,trabajo,1
46,tumor,1,1.33,7.45,raz�n,0
46,crimen,1,2.15,7.9,ficci�n,0
46,amputacion,1,2.1,7.1,extremidad,1
46,morgue,0,2.9,6.17,envase,0
46,traidor,1,2.25,7.15,mujer,1
46,terrorista,0,1.5,7.6,tr�fico,1
46,violacion,0,1.18,8.13,instrucci�n,0
46,asfixia,1,1.3,8,pulm�n,1
46,nazi,1,1.6,7.95,cultura,1
46,plaga,0,2.3,7,campo,0
47,sida,1,1.45,7.35,intercambio,0
47,sufrimiento,0,1.95,8.3,piel,0
47,tumor,0,1.33,7.45,mente,1
47,morgue,1,2.9,6.17,consigna,0
47,amputacion,1,2.1,7.1,extremidad,1
47,terrorista,1,1.5,7.6,pasajero,1
47,nazi,1,1.6,7.95,pasaporte,1
47,asesino,0,2.03,7.6,ocupaci�n,0
47,plaga,0,2.3,7,paisaje,0
47,violacion,1,1.18,8.13,decisi�n,0
47,cancer,1,1.23,7.8,chispa,0
47,asfixia,1,1.3,8,ventilaci�n,1
47,hambruna,1,1.95,7.35,desayuno,1
47,crimen,1,2.15,7.9,novela,1
47,ceguera,1,2.75,6.95,panorama,1
47,suicida,1,2.15,7.65,torre,0
47,traidor,0,2.25,7.15,relaci�n,0
47,masacre,1,1.3,6.9,grupo,1
48,plaga,0,2.3,7,ambiente,0
48,nazi,0,1.6,7.95,inmigraci�n,0
48,ceguera,0,2.75,6.95,panorama,0
48,amputacion,1,2.1,7.1,tobillo,1
48,crimen,0,2.15,7.9,historia,0
48,violacion,0,1.18,8.13,contrato,0
48,terrorista,1,1.5,7.6,concierto,0
48,asfixia,1,1.3,8,ventilaci�n,0
48,suicida,1,2.15,7.65,ventana,1
48,tumor,1,1.33,7.45,cr�neo,1
48,morgue,1,2.9,6.17,casillero,0
48,asesino,1,2.03,7.6,ocupaci�n,1
48,masacre,0,1.3,6.9,congregaci�n,1
48,hambruna,0,1.95,7.35,alimento,1
48,sufrimiento,0,1.95,8.3,nervio,0
48,sida,1,1.45,7.35,intercambio,0
48,traidor,0,2.25,7.15,colega,1
48,cancer,1,1.23,7.8,destello,0
49,terrorista,1,1.5,7.6,tr�fico,0
49,nazi,1,1.6,7.95,pasaporte,1
49,masacre,1,1.3,6.9,gente,0
49,suicida,1,2.15,7.65,edificio,1
49,amputacion,1,2.1,7.1,mano,0
49,tumor,1,1.33,7.45,mente,1
49,asfixia,0,1.3,8,ventilaci�n,1
49,cancer,1,1.23,7.8,sol�rium,1
49,morgue,1,2.9,6.17,almac�n,1
49,crimen,1,2.15,7.9,biograf�a,1
49,ceguera,0,2.75,6.95,ojo,1
49,violacion,1,1.18,8.13,permiso,0
49,traidor,1,2.25,7.15,sujeto,0
49,asesino,1,2.03,7.6,empleo,1
49,sufrimiento,0,1.95,8.3,palma,1
49,sida,0,1.45,7.35,comunicaci�n,1
49,hambruna,1,1.95,7.35,cocina,0
49,plaga,0,2.3,7,ambiente,0
50,suicida,1,2.15,7.65,rascacielos,1
50,tumor,1,1.33,7.45,ingenio,1
50,sufrimiento,0,1.95,8.3,sensaci�n,0
50,terrorista,0,1.5,7.6,terminal,0
50,hambruna,0,1.95,7.35,buffet,0
50,asfixia,0,1.3,8,soplo,0
50,nazi,0,1.6,7.95,viaje,0
50,morgue,1,2.9,6.17,armario,0
50,sida,1,1.45,7.35,se�al,0
50,amputacion,1,2.1,7.1,pantorrilla,1
50,plaga,1,2.3,7,criatura,0
50,ceguera,1,2.75,6.95,observador,0
50,crimen,1,2.15,7.9,historia,1
50,cancer,1,1.23,7.8,sol,1
50,masacre,1,1.3,6.9,dialogo,1
50,asesino,1,2.03,7.6,ingeniero,1
50,traidor,1,2.25,7.15,ser,1
50,violacion,1,1.18,8.13,decisi�n,1
51,sida,1,1.45,7.35,intercambio,1
51,tumor,1,1.33,7.45,cr�neo,1
51,traidor,1,2.25,7.15,relaci�n,0
51,morgue,0,2.9,6.17,consigna,0
51,suicida,1,2.15,7.65,rascacielos,1
51,asfixia,1,1.3,8,ventilaci�n,1
51,terrorista,1,1.5,7.6,avi�n,1
51,hambruna,1,1.95,7.35,cocina,1
51,sufrimiento,1,1.95,8.3,superficie,0
51,nazi,0,1.6,7.95,lugare�o,1
51,amputacion,1,2.1,7.1,codo,1
51,asesino,1,2.03,7.6,banquero,0
51,ceguera,1,2.75,6.95,ojo,1
51,masacre,0,1.3,6.9,concurrencia,0
51,crimen,1,2.15,7.9,cuento,1
51,cancer,0,1.23,7.8,sol,1
51,violacion,1,1.18,8.13,regla,1
52,asfixia,1,1.3,8,oxigeno,0
52,masacre,0,1.3,6.9,concentraci�n,1
52,sida,1,1.45,7.35,mensaje,1
52,ceguera,0,2.75,6.95,fotograf�a,0
52,crimen,0,2.15,7.9,capitulo,1
52,amputacion,1,2.1,7.1,extremidad,0
52,suicida,1,2.15,7.65,balc�n,0
52,nazi,0,1.6,7.95,nacionalidad,0
52,plaga,0,2.3,7,atm�sfera,0
52,traidor,1,2.25,7.15,sujeto,0
52,tumor,1,1.33,7.45,pensamiento,0
52,violacion,1,1.18,8.13,norma,1
52,sufrimiento,1,1.95,8.3,textura,0
52,morgue,1,2.9,6.17,casillero,0
52,hambruna,0,1.95,7.35,restaurante,0
52,asesino,1,2.03,7.6,trabajo,0
52,cancer,1,1.23,7.8,d�a,0
53,amputacion,0,2.1,7.1,extremidad,0
53,hambruna,1,1.95,7.35,almuerzo,1
53,cancer,0,1.23,7.8,destello,0
53,plaga,1,2.3,7,universo,0
53,violacion,1,1.18,8.13,consenso,0
53,tumor,1,1.33,7.45,mente,1
53,asesino,1,2.03,7.6,profesi�n,0
53,traidor,1,2.25,7.15,socio,0
53,crimen,1,2.15,7.9,texto,0
53,morgue,0,2.9,6.17,casillero,0
53,masacre,0,1.3,6.9,concurrencia,0
53,asfixia,1,1.3,8,boca,1
53,sufrimiento,1,1.95,8.3,nervio,1
53,ceguera,0,2.75,6.95,escena,0
53,nazi,1,1.6,7.95,visado,1
53,terrorista,0,1.5,7.6,tr�fico,0
53,suicida,0,2.15,7.65,rascacielos,0
53,sida,1,1.45,7.35,receptor,1
54,sufrimiento,0,1.95,8.3,sensibilidad,0
54,violacion,1,1.18,8.13,regla,0
54,asfixia,0,1.3,8,pulm�n,1
54,asesino,1,2.03,7.6,ocupaci�n,0
54,tumor,1,1.33,7.45,inteligencia,1
54,plaga,1,2.3,7,atm�sfera,1
54,cancer,1,1.23,7.8,d�a,1
54,hambruna,1,1.95,7.35,alimento,0
54,traidor,1,2.25,7.15,tipo,1
54,ceguera,0,2.75,6.95,visi�n,1
54,crimen,1,2.15,7.9,cuento,0
54,masacre,1,1.3,6.9,concurrencia,1
54,sida,1,1.45,7.35,intercambio,0
54,terrorista,1,1.5,7.6,estaci�n,0
54,nazi,1,1.6,7.95,cultura,1
54,morgue,1,2.9,6.17,caj�n,1
54,amputacion,1,2.1,7.1,tobillo,0
54,suicida,1,2.15,7.65,puente,1
55,suicida,1,2.15,7.65,brinco,0
55,terrorista,0,1.5,7.6,pasajero,0
55,asesino,0,2.03,7.6,actor,0
55,ceguera,1,2.75,6.95,visi�n,1
55,hambruna,0,1.95,7.35,cena,1
55,amputacion,1,2.1,7.1,extremidad,1
55,crimen,0,2.15,7.9,historia,0
55,cancer,0,1.23,7.8,energ�a,0
55,traidor,0,2.25,7.15,relaci�n,0
55,tumor,0,1.33,7.45,inteligencia,0
55,asfixia,0,1.3,8,viento,0
55,morgue,1,2.9,6.17,nevera,0
55,sida,1,1.45,7.35,fuente,0
55,violacion,1,1.18,8.13,decisi�n,0
55,masacre,1,1.3,6.9,gente,0
55,nazi,1,1.6,7.95,extranjero,1
55,plaga,1,2.3,7,campo,0
55,sufrimiento,0,1.95,8.3,textura,0
56,asesino,1,2.03,7.6,ocupaci�n,0
56,traidor,1,2.25,7.15,socio,0
56,nazi,0,1.6,7.95,lugare�o,0
56,sida,1,1.45,7.35,transacci�n,0
56,amputacion,1,2.1,7.1,brazo,0
56,crimen,0,2.15,7.9,editor,1
56,terrorista,1,1.5,7.6,festival,1
56,hambruna,0,1.95,7.35,sopa,1
56,violacion,1,1.18,8.13,consenso,0
56,suicida,0,2.15,7.65,puente,0
56,morgue,0,2.9,6.17,envase,0
56,sufrimiento,0,1.95,8.3,textura,0
56,tumor,1,1.33,7.45,ingenio,1
56,plaga,1,2.3,7,universo,1
56,asfixia,0,1.3,8,aire,1
56,cancer,0,1.23,7.8,sol,1
56,masacre,1,1.3,6.9,asamblea,1
56,ceguera,0,2.75,6.95,cine,1
57,ceguera,1,2.75,6.95,ojo,1
57,terrorista,0,1.5,7.6,tr�fico,0
57,masacre,1,1.3,6.9,asociaci�n,1
57,amputacion,1,2.1,7.1,hombro,1
57,asesino,0,2.03,7.6,aprendiz,1
57,asfixia,0,1.3,8,viento,1
57,cancer,0,1.23,7.8,amanecer,0
57,suicida,0,2.15,7.65,tejado,0
57,tumor,0,1.33,7.45,mente,1
57,crimen,0,2.15,7.9,texto,0
57,plaga,0,2.3,7,evoluci�n,0
57,morgue,1,2.9,6.17,consigna,0
57,sufrimiento,1,1.95,8.3,sensibilidad,0
57,sida,1,1.45,7.35,fuente,0
57,nazi,0,1.6,7.95,pasaporte,0
57,violacion,0,1.18,8.13,resoluci�n,0
57,traidor,1,2.25,7.15,compa�ero,1
57,hambruna,0,1.95,7.35,despensa,1
58,nazi,0,1.6,7.95,inmigraci�n,0
58,cancer,1,1.23,7.8,sol,1
58,tumor,1,1.33,7.45,raz�n,0
58,sida,1,1.45,7.35,comunicaci�n,0
58,plaga,0,2.3,7,humanidad,0
58,hambruna,1,1.95,7.35,cocina,0
58,suicida,1,2.15,7.65,bajada,1
58,terrorista,1,1.5,7.6,metro,0
58,morgue,0,2.9,6.17,caj�n,0
58,traidor,1,2.25,7.15,mujer,1
58,asesino,1,2.03,7.6,trabajo,0
58,masacre,1,1.3,6.9,comunidad,0
58,amputacion,0,2.1,7.1,extremidad,0
58,asfixia,1,1.3,8,vapor,0
58,crimen,1,2.15,7.9,novela,1
58,ceguera,1,2.75,6.95,fotograf�a,0
58,violacion,1,1.18,8.13,pauta,0
58,sufrimiento,1,1.95,8.3,vibraci�n,0
59,nazi,1,1.6,7.95,originario,0
59,cancer,1,1.23,7.8,luminoso,1
59,sida,1,1.45,7.35,comunicaci�n,0
59,hambruna,1,1.95,7.35,despensa,0
59,asesino,1,2.03,7.6,abogado,1
59,plaga,0,2.3,7,campo,0
59,asfixia,0,1.3,8,oxigeno,1
59,suicida,0,2.15,7.65,edificio,1
59,ceguera,0,2.75,6.95,�ptica,1
59,masacre,1,1.3,6.9,gente,1
59,terrorista,1,1.5,7.6,aeropuerto,1
59,amputacion,1,2.1,7.1,muslo,1
59,traidor,1,2.25,7.15,dama,0
59,tumor,1,1.33,7.45,creatividad,1
59,sufrimiento,0,1.95,8.3,palma,0
59,morgue,0,2.9,6.17,casillero,1
59,violacion,1,1.18,8.13,ley,1
59,crimen,0,2.15,7.9,novela,1
60,cancer,1,1.23,7.8,energ�a,0
60,plaga,0,2.3,7,ambiente,0
60,nazi,1,1.6,7.95,visitante,1
60,violacion,1,1.18,8.13,ley,1
60,ceguera,0,2.75,6.95,ojeada,0
60,traidor,1,2.25,7.15,ser,0
60,suicida,1,2.15,7.65,torre,0
60,morgue,0,2.9,6.17,almac�n,0
60,masacre,1,1.3,6.9,reuni�n,0
60,asfixia,0,1.3,8,ventilaci�n,0
60,tumor,1,1.33,7.45,raz�n,0
60,asesino,1,2.03,7.6,f�sico,0
60,amputacion,1,2.1,7.1,extremidad,1
60,terrorista,1,1.5,7.6,estadio,1
60,sufrimiento,0,1.95,8.3,superficie,0
60,crimen,1,2.15,7.9,continuaci�n,1
60,hambruna,0,1.95,7.35,despensa,0
61,nazi,1,1.6,7.95,patriotismo,0
61,sufrimiento,0,1.95,8.3,nervio,0
61,plaga,1,2.3,7,evoluci�n,1
61,amputacion,1,2.1,7.1,mu�eca,0
61,suicida,0,2.15,7.65,puente,0
61,violacion,1,1.18,8.13,decisi�n,0
61,terrorista,1,1.5,7.6,encuentro,0
61,asfixia,1,1.3,8,boca,0
61,asesino,1,2.03,7.6,abogado,0
61,morgue,1,2.9,6.17,bote,1
61,hambruna,0,1.95,7.35,desayuno,0
61,crimen,0,2.15,7.9,protagonista,0
61,masacre,0,1.3,6.9,concentraci�n,1
61,cancer,0,1.23,7.8,esplendor,0
61,sida,0,1.45,7.35,destinatario,0
61,tumor,1,1.33,7.45,ingenio,1
61,traidor,1,2.25,7.15,dama,1
61,ceguera,0,2.75,6.95,ojeada,1
62,asfixia,0,1.3,8,aire,0
62,violacion,1,1.18,8.13,norma,1
62,suicida,0,2.15,7.65,puente,0
62,plaga,0,2.3,7,planeta,1
62,asesino,1,2.03,7.6,qu�mico,0
62,morgue,0,2.9,6.17,consigna,1
62,sufrimiento,1,1.95,8.3,sensaci�n,1
62,sida,0,1.45,7.35,fuente,0
62,nazi,0,1.6,7.95,extranjero,1
62,amputacion,0,2.1,7.1,cadera,0
62,tumor,1,1.33,7.45,neurona,1
62,crimen,0,2.15,7.9,texto,0
62,ceguera,0,2.75,6.95,ojo,0
62,cancer,0,1.23,7.8,estrella,0
62,hambruna,0,1.95,7.35,merienda,0
62,terrorista,1,1.5,7.6,aeropuerto,1
62,traidor,1,2.25,7.15,socio,0
62,masacre,0,1.3,6.9,dialogo,0
63,crimen,0,2.15,7.9,libro,0
63,tumor,0,1.33,7.45,cr�neo,1
63,nazi,1,1.6,7.95,lugare�o,0
63,asesino,1,2.03,7.6,ingeniero,0
63,ceguera,1,2.75,6.95,video,0
63,sida,0,1.45,7.35,mensaje,0
63,sufrimiento,0,1.95,8.3,cuerpo,0
63,asfixia,1,1.3,8,boca,1
63,cancer,1,1.23,7.8,amanecer,1
63,amputacion,1,2.1,7.1,articulaci�n,1
63,traidor,1,2.25,7.15,relaci�n,1
63,suicida,1,2.15,7.65,edificio,1
63,violacion,0,1.18,8.13,instrucci�n,0
63,plaga,0,2.3,7,evoluci�n,1
63,morgue,1,2.9,6.17,trastero,1
63,terrorista,1,1.5,7.6,pasajero,1
63,masacre,0,1.3,6.9,congregaci�n,0
64,sufrimiento,0,1.95,8.3,textura,0
64,traidor,1,2.25,7.15,colega,0
64,asfixia,1,1.3,8,oxigeno,1
64,suicida,0,2.15,7.65,ventana,1
64,cancer,1,1.23,7.8,energ�a,1
64,plaga,1,2.3,7,humanidad,1
64,sida,1,1.45,7.35,fuente,1
64,nazi,1,1.6,7.95,patriotismo,1
64,crimen,1,2.15,7.9,autor,1
64,ceguera,0,2.75,6.95,cine,0
64,asesino,1,2.03,7.6,trabajo,1
64,violacion,1,1.18,8.13,resoluci�n,0
64,hambruna,1,1.95,7.35,desayuno,0
64,terrorista,1,1.5,7.6,teatro,0
64,morgue,1,2.9,6.17,consigna,1
64,tumor,0,1.33,7.45,pensamiento,1
64,masacre,1,1.3,6.9,reuni�n,0
65,crimen,0,2.15,7.9,editor,1
65,asfixia,0,1.3,8,boca,0
65,nazi,1,1.6,7.95,inmigraci�n,0
65,plaga,0,2.3,7,ambiente,0
65,masacre,0,1.3,6.9,congreso,0
65,traidor,1,2.25,7.15,dama,1
65,ceguera,1,2.75,6.95,panorama,0
65,terrorista,1,1.5,7.6,concierto,1
65,amputacion,1,2.1,7.1,muslo,1
65,hambruna,1,1.95,7.35,alimento,1
65,morgue,1,2.9,6.17,bote,1
65,violacion,1,1.18,8.13,legislaci�n,1
65,asesino,0,2.03,7.6,abogado,1
65,suicida,1,2.15,7.65,tejado,1
65,sufrimiento,0,1.95,8.3,terciopelo,0
65,tumor,1,1.33,7.45,creatividad,0
65,cancer,0,1.23,7.8,chispa,0
66,terrorista,0,1.5,7.6,pasajero,0
66,amputacion,0,2.1,7.1,hombro,0
66,cancer,1,1.23,7.8,destello,0
66,traidor,0,2.25,7.15,ser,0
66,asesino,0,2.03,7.6,ingeniero,0
66,ceguera,1,2.75,6.95,ojeada,1
66,sufrimiento,0,1.95,8.3,nervio,0
66,violacion,1,1.18,8.13,pauta,0
66,masacre,1,1.3,6.9,asamblea,1
66,plaga,0,2.3,7,universo,1
66,tumor,1,1.33,7.45,pensamiento,1
66,sida,0,1.45,7.35,fuente,0
66,suicida,1,2.15,7.65,torre,0
66,morgue,1,2.9,6.17,nevera,1
66,hambruna,0,1.95,7.35,bocata,1
66,asfixia,1,1.3,8,ventilaci�n,0
66,crimen,0,2.15,7.9,historia,0
66,nazi,0,1.6,7.95,lugare�o,0
67,amputacion,1,2.1,7.1,extremidad,1
67,terrorista,1,1.5,7.6,estaci�n,1
67,ceguera,0,2.75,6.95,video,0
67,sufrimiento,0,1.95,8.3,sensibilidad,0
67,violacion,0,1.18,8.13,decisi�n,0
67,plaga,1,2.3,7,evoluci�n,0
67,morgue,1,2.9,6.17,trastero,0
67,traidor,1,2.25,7.15,socio,0
67,masacre,1,1.3,6.9,grupo,0
67,suicida,1,2.15,7.65,tejado,1
67,asesino,0,2.03,7.6,ocupaci�n,0
67,cancer,1,1.23,7.8,luminoso,0
67,tumor,0,1.33,7.45,imaginaci�n,1
67,hambruna,0,1.95,7.35,bocata,0
67,crimen,1,2.15,7.9,libro,1
67,asfixia,1,1.3,8,pulm�n,0
67,nazi,1,1.6,7.95,lugare�o,1
67,sida,1,1.45,7.35,correo,0
68,tumor,0,1.33,7.45,inteligencia,0
68,asesino,1,2.03,7.6,profesi�n,0
68,traidor,1,2.25,7.15,mujer,0
68,violacion,0,1.18,8.13,legislaci�n,0
68,cancer,1,1.23,7.8,reflectante,1
68,crimen,1,2.15,7.9,texto,0
68,plaga,0,2.3,7,atm�sfera,0
68,sufrimiento,1,1.95,8.3,contacto,1
68,hambruna,1,1.95,7.35,cocinero,1
68,amputacion,1,2.1,7.1,mu�eca,1
68,ceguera,0,2.75,6.95,visi�n,1
68,asfixia,1,1.3,8,vapor,0
68,nazi,1,1.6,7.95,visitante,0
68,terrorista,1,1.5,7.6,pasajero,1
68,morgue,0,2.9,6.17,consigna,1
68,suicida,1,2.15,7.65,rascacielos,1
68,sida,1,1.45,7.35,transacci�n,1
69,asesino,0,2.03,7.6,aprendiz,0
69,tumor,1,1.33,7.45,cerebro,1
69,asfixia,0,1.3,8,branquias,1
69,amputacion,1,2.1,7.1,brazo,0
69,cancer,1,1.23,7.8,chispa,1
69,plaga,1,2.3,7,naturaleza,1
69,traidor,1,2.25,7.15,sujeto,1
69,violacion,1,1.18,8.13,instrucci�n,0
69,morgue,1,2.9,6.17,ba�l,0
69,hambruna,1,1.95,7.35,alimento,1
69,suicida,1,2.15,7.65,tejado,0
69,nazi,1,1.6,7.95,visitante,1
69,sufrimiento,0,1.95,8.3,sensibilidad,0
69,ceguera,0,2.75,6.95,video,0
69,terrorista,1,1.5,7.6,avi�n,1
69,sida,1,1.45,7.35,transacci�n,1
69,masacre,1,1.3,6.9,invitados,0
69,crimen,1,2.15,7.9,trama,1
70,plaga,0,2.3,7,atm�sfera,1
70,masacre,0,1.3,6.9,invitados,0
70,nazi,1,1.6,7.95,patriotismo,1
70,morgue,1,2.9,6.17,nevera,0
70,terrorista,1,1.5,7.6,p�blico,1
70,tumor,0,1.33,7.45,cr�neo,1
70,cancer,0,1.23,7.8,sol�rium,0
70,traidor,1,2.25,7.15,persona,0
70,amputacion,0,2.1,7.1,nudillo,1
70,suicida,0,2.15,7.65,andamio,0
70,violacion,1,1.18,8.13,contrato,1
70,ceguera,1,2.75,6.95,escena,0
70,asfixia,1,1.3,8,brisa,1
70,asesino,1,2.03,7.6,abogado,1
70,hambruna,0,1.95,7.35,restaurante,0
70,crimen,0,2.15,7.9,capitulo,0
70,sufrimiento,0,1.95,8.3,cuerpo,0
70,sida,1,1.45,7.35,mensaje,1
71,traidor,0,2.25,7.15,colega,0
71,asesino,1,2.03,7.6,ocupaci�n,0
71,masacre,1,1.3,6.9,dialogo,1
71,morgue,0,2.9,6.17,caj�n,0
71,tumor,1,1.33,7.45,cr�neo,0
71,hambruna,1,1.95,7.35,despensa,0
71,nazi,0,1.6,7.95,pasaporte,1
71,sida,1,1.45,7.35,mensaje,0
71,violacion,0,1.18,8.13,declaraci�n,0
71,asfixia,1,1.3,8,aire,1
71,suicida,1,2.15,7.65,altillo,0
71,ceguera,0,2.75,6.95,fotograf�a,1
71,crimen,1,2.15,7.9,historia,0
71,sufrimiento,0,1.95,8.3,terciopelo,1
71,terrorista,0,1.5,7.6,metro,1
71,amputacion,1,2.1,7.1,hombro,0
71,plaga,1,2.3,7,crecimiento,0
71,cancer,1,1.23,7.8,sol�rium,0
72,terrorista,0,1.5,7.6,tr�fico,0
72,amputacion,0,2.1,7.1,pierna,0
72,crimen,0,2.15,7.9,ficci�n,1
72,plaga,1,2.3,7,vida,0
72,traidor,1,2.25,7.15,socio,0
72,nazi,1,1.6,7.95,visado,1
72,morgue,0,2.9,6.17,caj�n,0
72,cancer,0,1.23,7.8,d�a,0
72,violacion,1,1.18,8.13,decisi�n,0
72,sufrimiento,0,1.95,8.3,palma,1
72,ceguera,0,2.75,6.95,fotograf�a,0
72,tumor,1,1.33,7.45,cerebro,1
72,sida,1,1.45,7.35,correo,1
72,asfixia,1,1.3,8,oxigeno,0
72,suicida,1,2.15,7.65,edificio,1
72,masacre,1,1.3,6.9,dialogo,0
72,hambruna,1,1.95,7.35,alimento,0
72,asesino,0,2.03,7.6,contable,0
73,crimen,0,2.15,7.9,libro,1
73,asfixia,1,1.3,8,branquias,1
73,asesino,1,2.03,7.6,aprendiz,1
73,nazi,1,1.6,7.95,nacionalidad,0
73,tumor,0,1.33,7.45,cerebro,1
73,terrorista,1,1.5,7.6,aeropuerto,0
73,violacion,1,1.18,8.13,norma,1
73,cancer,0,1.23,7.8,esplendor,0
73,hambruna,0,1.95,7.35,cena,1
73,sufrimiento,0,1.95,8.3,nervio,0
73,morgue,0,2.9,6.17,trastero,0
73,amputacion,1,2.1,7.1,articulaci�n,0
73,ceguera,1,2.75,6.95,�ptica,0
73,sida,0,1.45,7.35,transmisi�n,0
73,traidor,1,2.25,7.15,tipo,1
73,suicida,1,2.15,7.65,altura,1
73,masacre,0,1.3,6.9,invitados,0
73,plaga,0,2.3,7,humanidad,1
74,masacre,0,1.3,6.9,congreso,0
74,amputacion,0,2.1,7.1,tobillo,0
74,cancer,1,1.23,7.8,destello,0
74,asesino,0,2.03,7.6,f�sico,0
74,sufrimiento,0,1.95,8.3,terciopelo,0
74,ceguera,0,2.75,6.95,vista,0
74,suicida,0,2.15,7.65,altura,0
74,asfixia,0,1.3,8,inhalaci�n,0
74,terrorista,1,1.5,7.6,teatro,0
74,plaga,0,2.3,7,criatura,0
74,sida,0,1.45,7.35,se�al,0
74,violacion,0,1.18,8.13,permiso,0
74,morgue,0,2.9,6.17,bote,0
74,traidor,0,2.25,7.15,individuo,0
74,tumor,0,1.33,7.45,imaginaci�n,0
74,nazi,1,1.6,7.95,pasaporte,0
74,hambruna,0,1.95,7.35,merienda,1
74,crimen,1,2.15,7.9,continuaci�n,1
75,tumor,0,1.33,7.45,pensamiento,1
75,masacre,1,1.3,6.9,congregaci�n,0
75,cancer,1,1.23,7.8,eclipse,0
75,asesino,0,2.03,7.6,f�sico,0
75,violacion,0,1.18,8.13,declaraci�n,0
75,nazi,0,1.6,7.95,inmigraci�n,0
75,hambruna,1,1.95,7.35,cocinero,1
75,sufrimiento,1,1.95,8.3,dedo,0
75,morgue,0,2.9,6.17,dep�sito,0
75,traidor,1,2.25,7.15,compa�ero,1
75,suicida,1,2.15,7.65,bajada,0
75,plaga,0,2.3,7,evoluci�n,0
75,amputacion,1,2.1,7.1,nudillo,0
75,sida,0,1.45,7.35,comunicaci�n,0
75,crimen,0,2.15,7.9,libro,1
75,terrorista,1,1.5,7.6,terminal,1
75,ceguera,1,2.75,6.95,vista,1
75,asfixia,1,1.3,8,aire,1
